251.96757659946726,251.7098604522128,251.42102407780618,251.11310002891747,250.8200608809058,250.35779438780875,250.174439892882,250.0405589594091,249.9554885945406,249.91780102109345,249.92155692347598,249.9585169957116,250.01741672898308,250.0871566542889,250.16354337441086,250.23679391588252,250.29731733935756,250.20740968098346,250.18005189324987
251.74757489866766,251.49320836113984,251.2168025087192,250.930780373329,250.662390124098,250.27573485267726,250.1082253297268,249.98725079799598,249.91157072156722,249.8793007121846,249.884404278259,249.9189455383692,249.9723623869032,250.034241844705,250.0998112760982,250.1595908206531,250.20415841185905,250.12792763099154,250.0877040124357
251.53849638462532,251.28828699967687,251.0241452272674,250.7587737600839,250.51346725574706,250.19531088607602,250.0427249269381,249.933839447777,249.8668749820788,249.8395162457152,249.84563748531963,249.87755073688453,249.925322266056,249.97917072619126,250.03380569283863,250.08005673608864,250.10868277669366,250.04282443211997,249.98902812321288
251.33998005948817,251.09468268618448,250.84262793943302,250.59669367254898,250.37295428832385,250.11647758406951,249.97791450955165,249.88031949016363,249.8214118122952,249.79847051395151,249.80528847410193,249.83437220084298,249.87634463021624,249.92200325728197,249.9656000610339,249.99828035168557,250.01099590695824,249.95237314605373,249.88435851205477
251.15166492540396,250.91198173902308,250.6718263511982,250.44415359409084,250.2405132342991,250.0391900427222,249.9137699026032,249.82668550656737,249.77519164843633,249.75618640915968,249.7633891740499,249.7894495398302,249.82547774315887,249.86279939651146,249.89526781708554,249.91435035694028,249.91120327574998,249.8568468344776,249.77402946543498
250.97318998452053,250.7397704765534,250.51131616854497,250.300767008076,250.11580610614376,249.96340335809865,249.8502669311285,249.77293207839992,249.72822492672242,249.71268682360562,249.71997151460744,249.74282236343157,249.77276986865854,249.80161910241375,249.82288239739543,249.82835544134934,249.80941035616613,249.75651855907654,249.6583752698268
250.80419423898573,250.57763521713574,250.36067309745553,250.16614739787133,249.9984949163286,249.8890726262633,249.78738142016283,249.719053787073,249.68052208337332,249.6679946495554,249.67506742521834,249.69453028123235,249.71826927049,249.73852233352315,249.74851723836522,249.74038429440932,249.70572262130386,249.65166138153543,249.53773021170375
250.6443166909474,250.42516227913083,250.21947284391206,250.03990824684328,249.8882416773245,249.8161529432809,249.72508919474214,249.66504521399804,249.63209355460916,249.62213277927512,249.62870883532673,249.64461290281824,249.66202421242807,249.67356904837382,249.67224577639652,249.65052560561674,249.60024554426036,249.54254836353923,249.41242857753917
250.4931963425534,250.28193798089913,250.08729111389655,249.92166303835864,249.7847084016023,249.74459940521564,249.6633660799021,249.61090094058656,249.58294977664977,249.57512410503097,249.58092767437662,249.59310983777468,249.6040829582477,249.6068192055001,249.59414144789096,249.5588680644678,249.49308459813264,249.4294525667727,249.2828046538065
250.35047219595145,250.14754864080126,249.96370361339132,249.81102525578402,249.6875571016328,249.6743671081322,249.60218790067827,249.5566155482503,249.5331011857152,249.5269915190889,249.53175587181204,249.54006069568703,249.54449377172358,249.53833276343613,249.51427768925035,249.4655003604592,249.38434525601798,249.31264705292085,249.1491927269792
250.2157832532894,250.02158057719765,249.8482860483784,249.707608382486,249.59644978988698,249.60541114809521,249.54153048210625,249.50218361840084,249.48255821802553,249.477757913715,249.4812253570766,249.48550508614068,249.48330491663035,249.4681696807161,249.43272793687638,249.3705111830874,249.27413299101352,249.19240488366856,249.01192708353074
250.08876851671525,249.90362010844893,249.74061412484,249.6110259018312,249.51104847883562,249.5376866211691,249.48136964922176,249.44759973244976,249.43133130980067,249.4274461811753,249.4293680596145,249.4294826187212,249.42056465674298,249.39638991587424,249.34956562717068,249.27398922184895,249.1625532762165,249.06899912070077,248.87134200993438
249.9690669883766,249.7932535529156,249.64026354875813,249.52089129718644,249.43101518094943,249.47114862341823,249.42168122706062,249.39285847180855,249.3794308972606,249.37607921373606,249.37621590886965,249.37203290301414,249.35632125583635,249.3230534274449,249.26486419653492,249.17602316624007,249.04971158472378,248.94270282570224,248.7277717926637
249.85631767042136,249.69006722895827,249.54681002611497,249.4368180519182,249.35601190869937,249.40575225090726,249.36244104065838,249.33795441788888,249.32686741662536,249.32367990366316,249.3218008342861,249.3131955486048,249.29062297768502,249.24822017396218,249.1786970813707,249.07670170575756,248.93571338963272,248.81378906035795,248.5815507181921
249.75015956499746,249.59364745493738,249.45982926289278,249.35841964939314,249.28570067455632,249.34145259970072,249.30362491505053,249.28288215210242,249.27365130411496,249.2702711432227,249.26615476530753,249.25301016507862,249.22351808606388,249.17195011396024,249.09113771807984,248.9761135298977,248.8206641640406,248.68253088635274,248.43301307299296
249.65023167425258,249.50358054921358,249.37889696507366,249.28530957297806,249.21974349099108,249.27820476586308,249.2452086752729,249.2276362558606,249.2197929959494,249.21587582468078,249.20930963137826,249.1915163620212,249.15505484474767,249.09430320597332,249.00225954306404,248.8743473281571,248.70466938104434,248.54920136537166,248.2824931435397
249.5561730003346,249.4194528301472,249.30358883863946,249.21710130603944,249.15780237047437,249.21596384545887,249.18716814636113,249.17221131057505,249.1653029283486,249.16051684030353,249.15129736194197,249.12875374901787,249.0852815175114,249.01533940853582,248.9121359927248,248.77149179003217,248.58783451374123,248.41407355909942,248.13032521630583
249.4676225453914,249.34085061609912,249.23348058957265,249.15340833194395,249.09953932547722,249.15468493455256,249.1294791533509,249.11660189765732,249.1101915375326,249.10421708235694,249.09214988644283,249.06476193565416,249.01424636812962,248.93511868018177,248.82084050346407,248.6676356050193,248.47026503522838,248.27742052922105,247.97684357776475
249.38421931157077,249.26736022542957,249.16814792385534,249.09384413405832,249.0446163684705,249.09432312920873,249.07211752127773,249.0608025985192,249.05446925972146,249.04699944310707,249.0318991343245,248.99958053151548,248.94199766037713,248.8537009794454,248.7284465116834,248.56286746261515,248.35206641860304,248.13951533742136,247.8223825143898
249.30560230102054,249.19856797649928,249.10716654746957,249.03802219574905,248.9926955119249,249.03483352549188,249.01505907517745,249.0048079945721,248.99814653113506,248.9888868148201,248.97057703503128,248.93324914618728,248.86858365802883,248.77114626486096,248.6350274537844,248.4572760523162,248.2333441369623,248.00063104538523,247.6672763126544
249.2314105158885,249.13406018766878,249.05011216639735,248.985556000383,248.9434387683113,248.97617121946647,248.95827964008572,248.94861266722762,248.94123378799353,248.92990208976204,248.90821551800693,248.86580738925508,248.79405262485955,248.68751449496273,248.5406567661688,248.3509500636188,248.11420366340323,247.8610407147977,247.51185925903215
249.16128295832254,249.0734231772985,248.99656048662092,248.9360590313266,248.8965081501006,248.91829130719714,248.9017550410381,248.89221119789747,248.88374146651668,248.87006816019903,248.84484651269545,248.79729487030426,248.718452824644,248.60286562828497,248.44540788523827,248.2439781860195,247.99475047102308,247.72101740734348,247.35646563999634
249.0948586304705,249.01624326374906,248.94608721412268,248.88914477194666,248.85156566976363,248.8611488847483,248.84546110307016,248.83559816799314,248.82568000292474,248.809407918397,248.78050194854072,248.72775119892034,248.64183252115694,248.51725962336164,248.34935424739456,248.13644910901488,247.87509003291913,247.5808341847076,247.20142974202034
249.0317765344801,248.962106765381,248.8982680548844,248.84442670560964,248.80827333977115,248.80469904818446,248.78937365121772,248.77876815892617,248.76705983343757,248.74794425662205,248.71521375498676,248.65721598468872,248.56423997817313,248.43075643872714,248.25256928903937,248.02845152210125,247.75532782218826,247.4407641085749,247.04708585157775
248.97167567249926,248.91060000055478,248.85267871488833,248.8015183156824,248.76629317259415,248.74889689357016,248.7334685105165,248.72171575210822,248.70789139427507,248.68570006714054,248.6490138614776,248.585728837195,248.4857234594676,248.3434160329158,248.15512644657431,247.9200741147752,247.63556931192778,247.3010802406303,246.89376825514188
248.91419504667576,248.86130928763114,248.80889490011663,248.7600330855315,248.72528718070333,248.69369751697,248.677721506002,248.66443552895097,248.6481851216574,248.6226982422181,248.5819341974572,248.51332936602444,248.40633122881496,248.25529836446162,248.05709915640105,247.8114055765331,247.5159199752349,247.16205564255864,246.74181123918618
248.85897365915758,248.81382094497047,248.76649231655145,248.71958449852352,248.68491737656962,248.63905601444836,248.62210846270995,248.60692207086578,248.5879514518046,248.55896167412104,248.51400669236926,248.44005718076255,248.3261115499899,248.16646339189893,247.95856085492127,247.70253459687163,247.39648528520667,247.0239633760449,246.59154909018403
248.80565051209243,248.76772129093322,248.72504667017492,248.67978603802513,248.64484577266393,248.58492748206982,248.5666052056759,248.54916995926447,248.52720082093657,248.49451325511538,248.44526327565802,248.36595189099478,248.24511268676744,248.07697107376185,247.85958497853682,247.59354986528717,247.27737071494033,246.8870765027739,246.4433160946089
248.75386460762797,248.72259664388017,248.6841336669691,248.64025118740304,248.60473438145686,248.53126701589886,248.51118755993573,248.49117377555848,248.4659436652731,248.4293758774673,248.37573587676735,248.29105310630672,248.16338290292222,247.9868813685848,247.76024496364911,247.48454007127617,247.15868173753296,246.75166808443063,246.29744653893425
248.70325494791223,248.6780333221717,248.64332901291624,248.60059343002396,248.56424521541942,248.47802971200008,248.455831350525,248.43292810115943,248.40419042103457,248.3635724334427,248.3054564251412,248.21540043628377,248.08097046222917,247.89625423490185,247.66061424666003,247.37559390433512,247.0405238260818,246.6180111826999,246.15427470963346
248.6534605510664,248.63361767390774,248.60220841424908,248.56042624925433,248.52304028702252,248.42517066643785,248.4005124024792,248.374427517479,248.34195152444073,248.29712581530788,248.23445685022344,248.13903349051122,247.99792362846281,247.80514963124716,247.56076626397123,247.26680005396065,246.9230024536839,246.48637885926658,246.01413489317994
248.6041826870203,248.5890184265026,248.56042275422152,248.51941016758445,248.4808035337792,248.37264497527693,248.34520654083417,248.31566660592864,248.27923741171165,248.2300589153286,248.16276908145815,248.06199187857464,247.91429066539823,247.71362751615501,247.46077445198432,247.15824720964898,246.80622309343653,246.35704417581564,245.8773613760472
248.55532597522742,248.54416649982144,248.5179102529628,248.4774679120193,248.43743599961957,248.3204077345816,248.28988959062556,248.2566399479201,248.21605851906745,248.16239462577127,248.09042504828926,247.9843152100596,247.8301198368101,247.62174784815977,247.36071224710105,247.05002406089676,246.69029121843684,246.23025635468736,245.74425229054978
248.5068364895845,248.49904486019653,248.4746777693869,248.43461302980091,248.39296272538652,248.26841404041647,248.234537376889,248.19734212486483,248.15242528272788,248.0941558389017,248.01745668016076,247.90604309455142,247.74545940647323,247.52957058579545,247.26065308572305,246.9422192972005,246.57531230178188,246.10612581167013,245.6149185522998
248.45866030398795,248.45363647396013,248.43073216240808,248.39085915658268,248.34741020320826,248.21661898884602,248.1791257246601,248.1377677181745,248.088348138913,248.02536544698614,247.94389590651653,247.8272151416356,247.66035763816237,247.4371556875963,247.16067040425204,246.83492160805665,246.4613918165689,245.9847128586505,245.48941065991593
248.4107434923343,248.40792430744466,248.38608029094027,248.34621992801854,248.30080492521284,248.16497767593472,248.1236304589746,248.07791130926057,248.02383752384296,247.95604634229053,247.86977465680053,247.74787096089753,247.5748627956523,247.3445631120967,247.06083763908973,246.72821968296165,246.34863523589505,245.8660777398064,245.3677790822464
248.36303212852016,248.3618913269825,248.34072901389771,248.30070897976202,248.25317338352866,248.1134451977473,248.06802740486813,248.01776747953485,247.9589038737376,247.88622141708103,247.79512486045667,247.66805016192282,247.48902314271794,247.25185281783067,246.96122822663773,246.622202211412,246.23714803285742,245.7502806993159,245.25007428813942
248.31547228644206,248.3155204989059,248.2946851901944,248.25433994746695,248.20454207028385,248.06197665034802,248.01229238737633,247.9573308104088,247.89355762481696,247.81591356362367,247.71997844692905,247.5877923542967,247.40288694313395,247.15908476333252,246.86191560329777,246.5169578829042,246.1270356805533,245.63738198135673,245.13634674644314
248.26801003999662,248.26879478954726,248.24795567874432,248.20712646678692,248.15493747760664,248.01052712980155,247.95640123153484,247.8965958832939,247.82780921330112,247.74514567418456,247.6443673456616,247.50713714760485,247.31650246067525,247.06631890713646,246.7629732054715,246.41257538693478,246.01840365207968,245.52744183010688,245.02664692600564
248.2205914630802,248.22169716523888,248.20054733846183,248.15908217337574,248.10438609762522,247.95905173217238,247.9003297623794,247.83555727960191,247.76166907540988,247.67394064102973,247.56832348609814,247.42612415143265,247.22991795911642,246.97361520777673,246.6644744695607,246.3091434130001,245.91135742053385,245.42052048974432,244.9210252956751
248.17316262958954,248.17421059231327,248.15246702826073,248.110220702887,248.0529144224679,247.9075055535249,247.84405380494564,247.77420958074444,247.69514764736348,247.6023213564253,247.49187879768286,247.3447929753655,247.14318170223248,246.88103362378746,246.56649283196694,246.20675065059677,245.80600245901286,245.31667820444684,244.81953232429964
248.12566961342102,248.12631803710258,248.1037216070553,248.0605556909746,248.00054894426276,247.85584368992383,247.78754918426915,247.71254736813296,247.62825536538176,247.53031071263726,247.4150652098594,247.26318322898894,247.05634195379807,246.78863411370298,246.46910172909196,246.10548578922123,245.7024442406139,245.21597521839254,244.72221848072755
248.0780584884714,248.07800246593933,248.05431793375948,248.0101007732919,247.94731615513803,247.80402123743357,247.73079172538564,247.65056522317903,247.56100266568478,247.45793160193182,247.337914652072,247.18133452188832,246.96944697758812,246.69647663605747,246.37237459733737,246.0054375183699,245.6007882384342,245.11847177575908,244.62913423380687
248.03027532863703,248.02924684515577,248.0042628672875,247.95886958549286,247.89324254722197,247.75199329211867,247.67375725333073,247.5882577272944,247.49339998449247,247.3852069165749,247.26045905376446,247.0992864636492,246.88254503737724,246.60462114938508,246.27638487310497,245.9066945275394,245.5011399255709,245.02422812072456,244.5403300523858
247.98226620781463,247.98003414108436,247.95356326655332,247.9068757632311,247.83835461264277,247.69971495004353,247.6164215931402,247.52561946189056,247.4254577580249,247.31215954883268,247.1827303443808,247.01707866385695,246.79568439694046,246.51312761222016,246.1812059927964,245.80934550622604,245.40360477512115,244.93330449746682,244.45585640531243
247.9339771999005,247.93034732005725,247.90222599047104,247.8541329421604,247.78267884352866,247.6471413072728,247.55876056984957,247.4626450083791,247.35718642250197,247.23881239097122,247.10476045336495,246.9347507320971,246.70891332005226,246.4220559830969,246.08691139281325,245.71347914392643,245.30828826018197,244.84576115016384,244.375763761435
247.8853543787914,247.88016934840704,247.8502578979548,247.80065475793427,247.72624173200785,247.59422745987104,247.50075000849463,247.39932894817164,247.28859641414377,247.16518833525654,247.0265813101609,246.8523422779551,246.62228007048768,246.33146622054937,245.9935745095573,245.6191841301371,245.21529585385073,244.76165832299347,244.30010258960164
247.8363438183838,247.8294831924659,247.7976658479187,247.74645484620657,247.66906977020852,247.54092850390256,247.4423657341108,247.33566586267975,247.2196981691703,247.0913102739548,246.94822484421246,246.76989291101637,246.53583291202142,246.24141828311187,245.90126877943024,245.5265491543544,245.12473302922444,244.68105626013372,244.2289233586605
247.78689159257434,247.7782718185662,247.74445669927675,247.69154684263097,247.61118945025896,247.48719953543213,247.38358357173405,247.27165033331497,247.15050212380146,247.01720109933197,246.86972298496394,246.68744224086637,246.4496201084284,246.15197212931872,245.81006763883371,245.43566290607487,245.03670525940026,244.60401520576227,244.16227653745972
247.73694377525936,247.72651819304042,247.6906373109431,247.6359443828611,247.55262726428725,247.43299565052408,247.32437934639984,247.207276941489,247.08101871425737,246.94288370365416,246.7911076618589,246.60502987709052,246.36368992348318,246.06318771770407,245.72004452416948,245.34661407479499,244.95131801747544,244.53059540405732,244.10021259484742
247.6864464403356,247.67420528222078,247.63621454183172,247.57966110255077,247.49340970442177,247.37827194524294,247.26472888314382,247.1425402686134,247.01125837675795,246.8683809791875,246.71241080434146,246.52269542927442,246.27809062096074,245.97512500680207,245.63127287183912,245.25949135001127,244.86867677654715,244.46085709919663,244.04278199967186
247.6353456616995,247.62131605243965,247.58119525085687,247.52271063735353,247.43356326279064,247.3229835156533,247.2046080070018,247.0774348960997,246.94123154752316,246.793715818198,246.63366434185565,246.4404785070034,246.19287046463577,245.887843955147,245.54382611824428,245.1743834212201,244.78888700971243,244.39486053535813,243.99003522078118
247.5835875132476,247.56783347002954,247.52558629693257,247.46510662292326,247.37311443152203,247.26708545781963,247.14399254300932,247.0119554053595,246.87094866277306,246.7189111129517,246.55490020384534,246.35841871986293,246.10807771828308,245.8014045212731,245.4577776997868,245.0913789779181,244.71205419006844,244.33266595671978,243.94202272702344
247.53111806887665,247.51374050132247,247.4693945389728,247.40686269491346,247.3120897027442,247.21053286780645,247.08285831620202,246.94609637780434,246.8004201587277,246.6439897557148,246.47615031975448,246.27655567743847,246.02376064567758,245.71586666371448,245.3732010528683,245.0105667096018,244.63828379071242,244.27433360745954,243.89879498724687
247.47788340248283,247.45902011265113,247.41262683589167,247.34799248897806,247.2505155685854,247.15328084167825,247.02118115161565,246.879852394846,246.72965647160694,246.56897463875328,246.397446619027,246.19492898931549,245.93996751059393,245.63129034100555,245.2901696138904,244.9320353057674,244.56768128474155,244.2199237317551,243.86040247029965
247.42382958796307,247.40365527034763,247.35529004660341,247.28850964077046,247.1884185211738,247.09528447549968,246.9589368742858,246.81321803789587,246.65866803763083,246.49388865433318,246.31882103110695,246.11357826507947,245.8567465768069,245.54773551168037,245.20875681925483,244.85587345591165,244.50035214525292,244.1694965737846,243.82689564502982
247.3689026992136,247.34762894074458,247.297391030022,247.22842778594463,247.12582505263757,247.03649886533506,246.8961013092482,246.74618788836563,246.58746529301942,246.41875469472066,246.24030548543826,246.03254311431584,245.77414610809134,245.46526213427325,245.12903610536327,244.78216984953087,244.43640184534374,244.1231123777259,243.7983249802857
247.31304881013122,247.29092409017406,247.23893664506156,247.1677605601541,247.06276165510502,246.976879107249,246.8326502815384,246.67875652766693,246.51605867399266,246.34359565218182,246.16193191146488,245.9518631466101,245.69221436822204,245.38393016731825,245.05108090861742,244.71101317612164,244.3759358581111,244.08083138775686,243.7747409449152
247.2562139946123,247.23352368496856,247.17993375063608,247.10652159905266,246.99925482070427,246.91638029730606,246.76855961619214,246.6109185372112,246.44445861677053,246.26843441898254,246.08373223863077,245.87157797154762,245.61099962097387,245.3037995693498,244.97496466541895,244.6424921251805,244.31905965665214,244.04271384805546,243.75619400776682
247.1983443265535,247.17541069146037,247.12038920565973,247.044724538294,246.9353310415636,246.85495753157068,246.70380513824503,246.54266849841014,246.37267555757316,246.19329388738913,246.0057383963798,245.79172719871386,245.53055013012153,245.22493029890197,244.90076081216958,244.57669538620382,244.26587871406412,244.00882000279952,243.7427346376885
247.13938587985126,247.11656807598192,247.06030986904665,246.98238301353175,246.8710168098112,246.79256590610737,246.63836267273282,246.47400099267531,246.30071993262024,246.11819694966758,245.92798231415603,245.7123504376944,245.4509141594398,245.14738231450906,244.82854278527088,244.51371164868806,244.2164985034441,243.9792100961671,243.73441331365603
247.07928472840223,247.0569788048655,246.99970259971084,246.91951066041966,246.80633861757528,246.72916051698073,246.57220804469105,246.40491060141835,246.22860217813215,246.04316649808382,245.8504959214034,245.63348729807458,245.37213997270348,245.07121557470526,244.75838402112467,244.45362960212975,244.17102449788928,243.95394598334786,243.73128134612244
247.0179869461028,246.99662584444354,246.93857425656628,246.85612111461148,246.7413229569841,246.66469646025521,246.50531707915545,246.33539190605083,246.15633273032853,245.9682254249041,245.77331114756583,245.55517738943988,245.2942758336874,244.99649003802477,244.69035795613252,244.396539341875,244.12956845288588,243.93311774805343,243.73339148276344
246.95546672270345,246.93549814555357,246.87693337545483,246.79222908610672,246.6759967337213,246.59912994028807,246.43766607620313,246.26543965599748,246.08392207989644,245.89339664766769,245.69645996738646,245.47746061210773,245.2173719739337,244.92327419304385,244.6245639147071,244.34258172094184,244.09227179537078,243.91683952723855,243.74079661402615
246.89183414897025,246.87364940937175,246.81481936650337,246.7278790119323,246.6104032672328,246.53248207661954,246.36927810228474,246.1950827995832,246.01140848406584,245.81873032858286,245.62000786686107,245.4004243487878,245.1415522110879,244.8517385747886,244.5612095018491,244.29196135971975,244.05928470363853,243.9052262271018,243.7535496303575
246.82724032236194,246.81117293131413,246.7522987619599,246.66314814337437,246.54460739593003,246.4648737078486,246.30026179308584,246.12442590160842,245.93890309963533,245.74435573198454,245.54411316707694,245.3242556943981,245.06703430305708,244.7821209508797,244.50053062832694,244.24488692892845,244.0307573572424,243.8983927538415,243.7717034222047
246.76183634886343,246.74816257531975,246.6894390166153,246.59811542540123,246.4786754163531,246.39643414628475,246.23073491951615,246.05358365283087,245.86652890304592,245.67041639728336,245.46895013243298,245.249154320388,244.99404212260004,244.71466027391068,244.4427632049982,244.2015670992881,244.00683993573594,243.8964540136563,243.79531088001474
246.69577333445986,246.68471220532757,246.62630758526038,246.5328598029815,246.41267362504183,246.3272927042371,246.16081525248563,245.9826707440081,245.79440887073864,245.59705586388984,245.3946930273281,245.17531989820682,244.92279954247527,244.64959549647537,244.38814314272062,244.16221054151833,243.98768261867235,243.89952491274465,243.82442489423474
246.62920238513615,246.6209156852768,246.56297192268602,246.46746022108368,246.34666831853622,246.2575786940152,246.09062056290395,245.91180186589773,245.72266597915456,245.5244176712146,245.32151611616138,245.10295209930408,244.85353043544168,244.58716557116776,244.3369063523518,244.12702592633894,243.97343558560507,243.90772035730507,243.85909835531174
246.5622746068776,246.55686687910645,246.4994994836831,246.4019956246761,246.28072579337635,246.18742142792823,246.02026862168097,245.84109170925757,245.65142320473475,245.45264535866812,245.2495936633317,245.03225059512909,244.78645867425774,244.5276094505815,244.2892887447494,244.09622192447006,243.96424901608734,243.92115525353603,243.8993841536928
246.49514110566898,246.49265965075554,246.4359577230425,246.33654495872716,246.21491234610207,246.1169502182856,245.94987719972647,245.77065496484505,245.5808035239204,245.3818824656612,245.17909993323806,244.96341505713127,244.72180813168234,244.47116608731042,244.2455262307711,244.0700072066313,243.96027308967274,243.93994450763614,243.9453351798251
246.42795298749547,246.42838786416334,246.3724140955549,246.2711871682056,246.1492942732533,246.04629437739666,245.87956406795033,245.70060632341793,245.51092991315235,245.31227253160415,245.11020919027933,244.89664515675992,244.65980268047397,244.41807443394836,244.20585472127448,244.04859044354285,243.96165798591443,243.9642030258037,243.9970043241556
246.36086135834213,246.36414538326872,246.30893605601125,246.20600119807972,246.0839378713702,245.97558321757057,245.80944699726228,245.63106047573376,245.4419253488718,245.2439590959077,245.0430956988545,244.83214056546447,244.60066619339153,244.36857344308902,244.1705101271172,244.03218030592416,243.9685538843659,243.9940457142374,244.05444447713128
246.29401732419393,246.30002607201087,246.24559105920244,246.14106599331805,246.0189094369926,245.90494605111692,245.7396437585722,245.56213211255036,245.37391280751982,245.17708569798245,244.97793372336272,244.77010095469436,244.54462254319355,244.32290206732628,244.13972835915703,244.02098546449537,243.9811109645805,244.02958747913553,244.1177085291995
246.22757199103597,246.2361237943288,246.18244655991933,246.07646049888896,245.9542752666605,245.83451219034484,245.6702721227898,245.49393592462513,245.30701526553736,245.11179587723885,244.91489752820266,244.71072599589888,244.4918956026387,244.2812992592538,244.1137453282515,244.0152145899763,243.9994794061115,244.07094322669676,244.18684937080704
246.16167646485331,246.17253241416165,246.11957001295272,246.01226365976115,245.89010165691386,245.7644109475637,245.60144986082497,245.42658660271587,245.2413556993656,245.04823317308765,244.8541613777735,244.65421536052747,244.44270924448588,244.24400397146556,244.09279694525821,244.01507635308678,244.02380938851246,244.11822786311953,244.26191989240118
246.09648185163087,246.10934579544843,246.05702887309346,245.94855442090278,245.82645490429255,245.69477163508296,245.53329474358753,245.3601988375802,245.17705708544557,244.98654112493927,244.79589953647397,244.60076872002952,244.3972873414936,244.21125515655527,244.07711912103497,244.0207794245467,244.05425109133654,244.17155629460228,244.34297298442883
246.03213925735398,246.04665780212824,245.99489059513238,245.88541172728253,245.76340130533674,245.62572356521176,245.46592454198728,245.2948873199758,245.1142424002183,244.92686327220432,244.7402862687033,244.55058574585433,244.35585376642064,244.18329176711666,244.06694776643937,244.03253247507593,244.0909546941371,244.23104342734368,244.43006153733708
245.96879978800746,245.98456229814022,245.93322263386037,245.82291452386883,245.70100715658637,245.55739605025954,245.3994570269339,245.23076674066013,245.05303462012483,244.86934315429343,244.68749583886023,244.5038661094514,244.31863239202565,244.1603527557437,244.062518792329,244.0505441753943,244.13407037646778,244.29680416754204,244.52323844157317
245.90661454957632,245.92315314742328,245.87209244406824,245.76114175563015,245.63933875458122,245.48991840253564,245.33400996933736,245.16795179039102,244.9935567216064,244.81412431061707,244.63770251134383,244.4608094822701,244.28584709106735,244.14267707502992,244.0640681095615,244.07502319622165,244.18374831788168,244.36895342139596,244.622556587584
245.84573464804578,245.8625242139167,245.81156748054693,245.70017236753495,245.57846239586135,245.42341993434934,245.26970114010734,245.10655715992604,244.9359316811038,244.76135028058604,244.591080550553,244.42161553575966,244.25772173630432,244.13050367756935,244.0718316289946,244.10617820827795,244.24013869793222,244.4476060951039,244.7280688658167
245.78631118940072,245.80276936155948,245.7517151980871,245.64008530455163,245.51844437696693,245.35802995800992,245.20664831015384,245.04669754002285,244.88028247505835,244.71116460361065,244.54780422088672,244.3864839413696,244.2344802004954,244.12407151595573,244.0860452614859,244.144217882283,244.30339169617275,244.53287709486432,244.83982816671835
245.72849527962634,245.7439824542905,245.69260305147984,245.5809595116488,245.45935099443756,245.29387778582688,245.14496925038654,244.98848762143908,244.8267320799109,244.66371081910162,244.50804778674402,244.3556143705493,244.21634635639927,244.12361954278282,244.1069449178931,244.18935088895665,244.37365749215678,244.62488132687588,244.95788738073597
245.67243802470747,245.68625735604914,245.6342984955158,245.52287393379487,245.40124854481343,245.23109273010945,245.0847817317152,244.93204209493234,244.77540347210268,244.6191324664695,244.47198551252373,244.32920649474806,244.20354407677448,244.1293867106444,244.13476650907378,244.24178589901885,244.4510862654375,244.7237336973369,245.08229939831668
245.61829053062948,245.62968793077437,245.57686898498596,245.46590751595826,245.34420332463455,245.1698041031669,245.02620352504965,244.8774756512603,244.72641962807458,244.57757308512484,244.43979166262494,244.3074599854154,244.19629723437987,244.14161197213429,244.16974594588567,244.30173158318928,244.5358281955684,244.82954911244602,245.21311710990759
245.56620390337721,245.57436804240515,245.52038197468107,245.4101392031075,245.28828163044076,245.11014121730867,244.9693524012998,244.82490298118063,244.67990352426784,244.53917621447832,244.41164050144656,244.29057451400055,244.194829701974,244.1605342798463,244.21211913918629,244.36939661218804,244.62803346210276,244.94244247840155,245.3503895898289
245.51632924893562,245.52039155488066,245.46490491939204,245.35564794021113,245.23354975877206,245.05223338484404,244.91434613137534,244.774438775451,244.63597813712346,244.50408539394033,244.38770629338742,244.278749751953,244.19936535231565,244.18639258637424,244.26212199983345,244.4449896567349,244.72785224459392,245.06249036427087,245.49378608691825
245.46881767328998,245.46785233214004,245.41050527390976,245.30251267223736,245.18007400616847,244.99620991808237,244.86130248618622,244.7261977248288,244.59476644308248,244.47244416292162,244.36816330284668,244.2721853707221,244.21012805816358,244.21942584431187,244.31999043868467,244.52871938754961,244.83531902466467,245.18916771830175,245.64227858107088
245.4238202824252,245.41684423812214,245.357250493025,245.25081234415495,245.12792066916992,244.9422001293329,244.81033923664205,244.6802945200721,244.5563914185859,244.44439606083273,244.35318579422315,244.27108104175713,244.22734169227633,244.25987300625295,244.38596029817447,244.6205919596683,244.94967990988587,245.32147161691955,245.79476430599348
245.3814881823263,245.3674611367663,245.30520803152857,245.20062590093227,245.07715604431644,244.890333330905,244.76157415365282,244.63684385193812,244.52097604007494,244.42008462708412,244.34294803191588,244.27563643650765,244.25123012741264,244.3079706348948,244.45997606351943,244.71969645592765,245.06985216884956,245.45838596138688,245.950140495393
245.3419724789785,245.31979689201137,245.25444534421146,245.15203228753774,245.02784642814777,244.84073883510808,244.71512500812824,244.5959604111848,244.48864328399054,244.39965340108654,244.33762428032378,244.28605122642296,244.28199860915885,244.3635284876776,244.54102454097887,244.82486249656301,245.19475197742952,245.59889465296664,246.107304382976
245.3054242783667,245.27394536779664,245.2050298858644,245.10511044893985,244.98005811720427,244.79354595425144,244.67110957097816,244.5577588885696,244.4595161267738,244.38324592225038,244.33738870831164,244.30244090167778,244.31925376604892,244.42544057608748,244.62789606227074,244.93491968559792,245.32329551149977,245.74198159292143,246.26515320244945
245.27197433595336,245.2299993636046,245.15702911127826,245.0599393301071,244.9338574080256,244.74888400064438,244.6296456131123,244.5223539748502,244.43371749553953,244.37097963997556,244.34213569182734,244.324122938792,244.3618902989231,244.49248247341694,244.71938095911287,245.04869762705587,245.454398946934,245.88663068251407,246.42258418752021
245.241239788776,245.18784062035542,245.11041220417397,245.01653051038247,244.8892755079389,244.7068513225549,244.59081311875946,244.48978176469984,244.41114795285688,244.36238641226706,244.3508651083838,244.3499744844226,244.40876140561758,244.5634297529587,244.8142695632234,245.16502592496042,245.58697845960617,246.03182582300727,246.578494571895
245.21229749420846,245.14688695797255,245.06471858310277,244.9743484010326,244.8458715244897,244.66701172691464,244.55413825125066,244.45943259964014,244.3909743014621,244.35642043835463,244.36239845726672,244.37886806939358,244.4587202839685,244.63705798800507,244.91135220632,245.2827341833351,245.71995022539002,246.1765509156638,246.73178158928062
245.18419862257392,245.10649449232335,245.01937021524054,244.93259145991794,244.8028664466004,244.62847775747372,244.51872668742203,244.43037990064758,244.37221220819745,244.35201141407316,244.3755572377618,244.4096762245291,244.51062013181206,244.71214275184886,245.0094192201208,245.4006520062034,245.8522304201595,246.3197898617464,246.88134247338394
245.1559943441954,245.06601933927476,244.97378906493805,244.890456376769,244.75947390964174,244.59034779947063,244.48367362007738,244.4016949003622,244.3538773399049,244.34808903525766,244.38916294915487,244.44127148065317,244.5633141469844,244.78745961778247,245.10726093634355,245.51760899758895,245.98273521978837,246.46052656251786,247.02607445791176
245.12673582939573,245.0248176146942,244.9273970965463,244.84713984131622,244.71490754898437,244.5517202381438,244.44807424202085,244.37244883142395,244.33498536342634,244.34358299774323,244.40203709073154,244.47252636858977,244.61565552732168,244.86178415909862,245.20366768670632,245.63243476151516,246.11038080015032,246.59774491924088,247.16487477657085
245.095474248498,244.9822454344489,244.8796162744159,244.80183854329016,244.66838099999902,244.5116934587315,244.4110237460562,244.34171292647272,244.31455194560388,244.3374229973648,244.41300116177786,244.50231341916313,244.6664974706601,244.93389194908977,245.297429802927,245.74395890200563,246.23408333711959,246.73042883317814,247.29664066306808
245.06126077182512,244.9376589144059,244.82986856289793,244.75374917242107,244.6191078980563,244.46936584647216,244.37161732498737,244.30855841814866,244.29159275327956,244.32853872995744,244.42087666157937,244.52950516319734,244.71469317483576,245.00255856104846,245.38733761672344,245.85101102308397,246.35275900656964,246.8575622055926,247.42026935111014
245.02314656970023,244.89041417043242,244.7775759263432,244.70206841843955,244.5663018785269,244.4238357866042,244.32895017161837,244.27205653909155,244.26512345329536,244.31585989135613,244.4244850894218,244.55297413151638,244.75909583768484,245.0665595682673,245.47218145981364,245.9524204284194,246.46532258256656,246.9781289377468,247.53465807440398
244.98018281244617,244.83986731839585,244.7221603291024,244.64599297107608,244.5091765767816,244.37420166436596,244.28211747875318,244.23127852194142,244.23415971249338,244.29831617739583,244.422647944591,244.57159285494433,244.79855865704354,245.12467054403896,245.55074407057342,246.04693141560426,246.57056903052595,247.09109722842933,247.63870406665635
244.93142067038596,244.78537447416318,244.66304373552657,244.58471952006104,244.44694562819103,244.3195618649959,244.2302144391956,244.18529559933827,244.1977171977156,244.2748372839117,244.4141867263727,244.58423386430522,244.83193483074797,245.17566566328807,245.62167054526276,246.13308689062293,246.6670835207887,247.1953050232525,247.7313318211052
244.87591131384264,244.72629175360169,244.59964810996647,244.5174447551251,244.37882266812574,244.25901477373225,244.17233624574968,244.133179003922,244.1548115758039,244.24435290673864,244.39792293405256,244.58976969042328,244.85807755098367,245.218283586307,245.68348621230257,246.20940059369534,246.7534300341871,247.2895258272158,247.81200517365798
244.81270591313918,244.66197527257867,244.5313954167729,244.4433653659984,244.30402133195665,244.1916587758135,244.1075780912193,244.07399996833266,244.10445851360052,244.20579274171163,244.37267806691654,244.58707286412232,244.87579898089345,245.2512254901434,245.73471240332518,246.27438626504087,246.82817255155385,247.3725326863343,247.88068269367778
244.74085563859845,244.5917811469612,244.45770762029676,244.3616780424116,244.22175525505423,244.11659225647807,244.0350351684083,244.00682972521017,244.04567367794743,244.15808648466583,244.33727362425023,244.57502438537415,244.88377182743466,245.2731907593956,245.7738704499624,246.32655764487927,246.88987505372128,247.44309864662316,247.9373412673651
244.6594116605436,244.51506549261657,244.37800668488893,244.2715794740952,244.13123807278936,244.0329136009643,243.9538026701208,243.9307395071944,243.97747273568652,244.10016383143613,244.2905311053394,244.55271355367,244.88063919548,245.28287877866174,245.79948168384655,246.3644284734302,246.93710152152195,247.4999967540977,247.98195778092054
244.56742514929752,244.4311844254119,244.29171457490023,244.17226635077958,244.03168342053254,243.93972119451055,243.86297578916052,243.8448005469255,243.89887135365998,244.03095447785756,244.231563421242,244.51944576154332,244.8650441899022,245.27898893254005,245.81006743660967,246.3865126936031,246.96841593578827,247.54200005477296,248.0145091205449
244.46394727518322,244.33949406121457,244.19825325468153,244.06293536219516,243.92230493365452,243.83611342235525,243.76164971833157,243.7480840770432,243.8088851987098,243.9495074091038,244.1607530034011,244.47453643003854,244.8356299155738,245.26022066713648,245.80443356451266,246.39178910930087,246.98250464738766,247.5678815946641,248.03497217243876
244.34809163836468,244.23936430745144,244.0970476965977,243.94284230967253,243.8023366272839,243.72119491658862,243.64892397548863,243.63968198688906,243.70673460420716,243.8560437711678,244.07882790476035,244.4173009802002,244.7910394773678,245.22571137227771,245.78286942312724,246.38069278013418,246.97935220813412,247.57652653606087,248.0433238228026
244.2200542595014,244.13029682301607,243.9875527566066,243.81219296866496,243.67176566085575,243.5947108493529,243.52450318128467,243.51950442524003,243.5929237535977,243.751450133414,243.98651618557324,244.34705483307286,244.72995051359644,245.17608533079843,245.7461463017798,246.35394316436685,246.95972521990373,247.5679504408697,248.0395409578373
244.0809474241353,244.01186641229938,243.8692404020051,243.67195941857247,243.5315355071243,243.45759276036034,243.3893139266299,243.38853338461576,243.46845352946247,243.6366207070141,243.88454590609368,244.26311340970108,244.6522471835504,245.1122820880931,245.69503574498853,246.31225972026272,246.92440103775297,247.5428236393476,248.02360046374326
243.93191232695114,243.88364866193493,243.7415828019727,243.52313558396168,243.3826513803383,243.31090077912646,243.2444299544813,243.24782339255327,243.33432588990252,243.51244970313968,243.7736451265752,244.16480400102702,244.559306546498,245.0352411895565,245.63030929727157,246.25636190608577,246.8741570167384,247.5018244670147,247.99547922672133
243.77409016263363,243.74521915855576,243.60405212568892,243.3667153893988,243.22611849474725,243.15569503516673,243.09092500779607,243.0984289765897,243.19154279301887,243.3798313329626,243.65454190727152,244.0522594914561,244.4525982866075,244.94590218058292,245.552738503147,246.1869691800999,246.80977051191658,247.44563125939104,247.95515413297204
243.60862212586784,243.59615348879544,243.4561205423333,243.2036927594503,243.06294206460015,242.9930356579968,242.9298728295314,242.9414046642619,243.04110619691255,243.23965980765433,243.52796430843617,243.92691832423694,244.33359208804708,244.8452046065672,245.4630949071334,246.10480100056887,246.7320188783441,247.3749223519966,247.90260206869604
243.43664941133824,243.43602723928726,243.29726022108545,243.0350616186826,242.89412730414617,242.82398277713196,242.7623471626443,242.77780498310702,242.88401805968476,243.09282933838682,243.3946403903231,243.79033817143556,244.203757634985,244.73408801290364,245.36215005374876,246.01057682575666,246.64167947107748,247.29037608035162,247.83779992009403
243.2593132137297,243.2644159966645,243.12694333112478,242.86181589166196,242.72067942763437,242.6495965220879,242.58942175009193,242.60868446066195,242.72128033943633,242.94023413633158,243.25529821318557,243.64407670511815,244.06456461158945,244.61349194498698,245.25067548751144,245.90501611392722,246.53952964517322,247.19267077997605,247.76072457336662
243.07775472772724,243.08110128251695,242.9449319957767,242.68494950295496,242.54360364931412,242.47093702238016,242.41217033483136,242.4350976244639,242.55389499426857,242.78276841266032,243.1106658372777,243.48969159735066,243.91748270202868,244.48435594821166,245.12944275293964,245.78883832334424,246.42634675568797,247.08248478639004,247.6713529147144
242.8931151480154,242.8875652454987,242.75280470188915,242.5054563771279,242.36390518343444,242.2890644075241,242.23166665981978,242.25809900204968,242.3828639822823,242.6213263785448,242.96147132285284,243.32874052019937,243.76398159047082,244.3476195679724,244.99922339455162,245.66276291227183,246.30290815767825,246.96049643511358,247.56966183033802
242.70653566927913,242.68612824347557,242.55284177088592,242.3243304387472,242.18258924424444,242.1050388070354,242.0489844680143,242.07874312095652,242.20918926157864,242.45680224515667,242.80844273016484,243.16278114573046,243.6055309610841,244.20422234966358,244.8607889568656,245.52750933897372,246.16999120620054,246.8273840616668,247.4556282064382
242.51915748620314,242.47911651898244,242.3473250320452,242.14256561237923,242.00066104599335,241.91992035042955,241.86519750237198,241.89808450872127,242.0338727902587,242.2900902236676,242.65230811946722,242.9933711460099,243.4436004980368,244.05510383867994,244.71491098439975,245.38379706171384,246.02837325631154,246.68382600156968,247.32922892921553
242.33212179347225,242.26885631455372,242.1385363146451,241.96115582259029,241.81912580293033,241.73476916722197,241.68137950585003,241.71717769288105,241.85791652642342,242.12208452524933,242.49379555101387,242.82206819310395,243.2796598854971,243.9012027423751,244.5623796038293,245.23237328705937,245.87883330564478,246.5305005903424,247.1904408848706
242.1465697857713,242.05767387272397,241.9287574479636,241.781094993947,241.63898872930446,241.55064538692824,241.49860422140543,241.53707720097287,241.68232242817388,241.95367936107348,242.33363308505824,242.65042995907856,243.11517880763316,243.74339916286462,244.40407069230594,245.07413510962095,245.72221006221935,246.3681224093358,247.0392409596041
241.9636426577851,241.84789543602793,241.72027026127878,241.60337705101557,241.461255039365,241.36860913906386,241.31794539199538,241.35883756053374,241.5080924536112,241.78576894231176,242.1725487818541,242.48001411600004,242.9515462333744,243.5824772248981,244.24088484566718,244.91003000488317,245.5594174838431,246.197843853221,246.87580189297572
241.7844816041983,241.64184724700007,241.51535658386874,241.42899591836243,241.286929947361,241.1897205531444,241.14047676057697,241.18351329910072,241.33622856083633,241.6192474801359,242.01127070165512,242.31237833593437,242.78950801710403,243.41921216578692,244.07372266206795,244.74100548585236,245.39137433100026,246.02110779217182,246.70158989951653
241.6102278196959,241.44185554817508,241.31629824501164,241.258945520554,241.11701866754169,241.01503975868533,240.9672720701073,241.01215894421074,241.16773270795042,241.45500918571756,241.85052690471494,242.1490002578875,242.6295024755519,243.2543792228424,243.90348473966353,244.56800906553525,245.21899936417492,245.83936231080907,246.5185957160547
241.4420224989626,241.2502465820874,241.12537707398536,241.09421978215667,240.95252641415615,240.84562688520225,240.79940506354362,240.8458290234009,241.00360685305444,241.29394827022847,241.69104545128718,241.99058346375023,242.47196600991185,243.08875363337611,243.73107167660885,244.39198825693825,245.0432113438512,245.6540554937531,246.32881157648225
241.2810068366832,241.0693465912718,240.94487490006807,240.93581262773682,240.7944584014536,240.68254206221044,240.63794948384285,240.6855780642082,240.8448529542495,241.13695894484025,241.5335682966333,241.83739756869076,242.31733502137774,242.9231106346993,243.55738407105903,244.21389057306789,244.86492903051322,245.46663542562484,246.13422971469055
241.12832202754245,240.90148181826277,240.77707355253787,240.7847179818609,240.64381984368325,240.52684541922576,240.48397907396227,240.53246059416966,240.69247296963655,240.98493255944788,241.37894936679533,241.68970739810013,242.16604591114356,242.75822546412337,243.38332252116916,244.0346635269306,244.6850711846452,245.27855019104467,245.93684236457122
240.98510833217168,240.74897837619554,240.62425486067286,240.64192976909516,240.50161595509405,240.37959708576346,240.33856754557695,240.3875277017675,240.54743631076764,240.83866144873573,241.22809664875862,241.54777777736925,242.01853508040315,242.59487335895983,243.20978762509435,243.85525463153297,244.50455656673117,245.09124787463344,245.7386417600161
240.85229359541492,240.6135897417565,240.4882867679349,240.50838885013613,240.36879292625684,240.24178791886263,240.2026594368615,240.25160545213868,240.41041177554317,240.69881597567235,241.0819184794966,241.41187353188917,241.87523893035038,242.43382955652,243.03767998098962,243.6766113998815,244.32430393725528,244.9061765610116,245.54162013491666
240.7303244614541,240.49518217747212,240.3691877766605,240.38474626710206,240.2459573360323,240.11406595402897,240.0767756041159,240.12515993684556,240.2819057076001,240.5660589879807,240.94132319598268,241.28225948705077,241.7365938621793,242.2758692941152,242.8679001870101,243.49968134498263,244.14523205670173,244.7247843347999,245.34776972316456
240.61958132256686,240.39323372566054,240.26646000836806,240.27155461111815,240.13359454102516,239.9969733672708,239.9613501715417,240.00862493648404,240.1624228613761,240.44105333338368,240.8072191351902,241.15920046824502,241.60303627708348,242.12176780905696,242.70134884131085,243.32541197984295,243.9682596855546,244.54851928061885,245.1590827586514
240.52044457103116,240.30722242863948,240.17960556131925,240.16936639247723,240.0321897473673,239.89105230402137,239.85681726334064,239.90243423165018,240.05246799130867,240.3244618596041,240.68051463409236,241.042961300863,241.47500257625725,241.97230033865665,242.53892654204694,243.1547508174689,243.79430558429803,244.37882948308928,244.97755147526874
240.4332945991247,240.23662632872706,240.108126533776,240.078734121472,239.94222816119037,239.79684490971368,239.76361100371398,239.80702160293947,239.9525458518356,240.2169474143652,240.56211802966274,240.9338068102956,241.35292916089418,241.82824212022553,242.38153388737348,242.9886453708671,243.62428851341622,244.2171630268316,244.80516810690844
240.35851179912532,240.18092346824125,240.0515250240001,240.00021030839528,239.8641949886263,239.71489332978086,239.6821655168635,239.722820830948,239.86316119739465,240.11917284538944,240.45293765887448,240.83200182193386,241.23725243218834,241.69036839107517,242.23007147544556,242.82804315304398,243.45912723339313,244.06474196481963,244.64392488746194
240.29647656331082,240.1395918894999,240.00930313025347,239.93434746353975,239.7985754358067,239.64573970965594,239.61291492699073,239.65026569627162,239.78481878242334,240.03180100040004,240.35388185870107,240.7378111611686,241.1284087913335,241.55945438851694,242.08543990441822,242.673891677006,243.29974050471304,243.92135965954284,244.49581405082077
240.24756928395908,240.11210963482105,239.980962950798,239.88169809719824,239.7458547088635,239.58992619477206,239.55629335829724,239.5897899795061,239.71802336135937,239.9554947271198,240.26585896611593,240.65149965339097,241.0268346395237,241.4362753498622,241.94853977244654,242.52713845575974,243.14704708786016,243.78625286001636,244.36258499134095
240.21217035334777,240.09795474652265,239.96600658389536,239.84281471966344,239.7065180139283,239.5479949305622,239.5127349349845,239.54182746124735,239.66327968864047,239.89091687327164,240.1897773180922,240.57333212399178,240.93296637795274,241.32160651242233,241.82027167768558,242.38873100231166,243.0019657433184,243.65865705701788,244.24327075856516
240.19066016375487,240.0966052669227,239.96393612780759,239.81824984122807,239.68105055713295,239.52048806245955,239.48267378125428,239.5068119220913,239.62109251870424,239.83873028657848,240.1265452516034,240.5035733983621,240.8472404078145,241.21622311350868,241.7015362182906,242.25961682966835,242.8654152315721,243.53780774132497,244.13520127550385
240.183419107458,240.10753923833911,239.97425368079638,239.8085559721849,239.66993754460924,239.50794773589715,239.46654402130795,239.4851771426336,239.59196660598826,239.79959781476313,240.07707110362279,240.4424883018929,240.77009313030294,241.1209003904327,241.59323399241646,242.14074345083625,242.73831431310526,243.42294040371544,244.03568021692172
240.19082757673502,240.1302347030899,239.99646134112365,239.81428562282673,239.67366418248895,239.510916096308,239.46477977934717,239.4773569034703,239.57640670493035,239.77418230554858,240.04197270475308,240.39034165997518,240.7019609466119,241.03641358050584,241.49626559821837,242.03305837882186,242.62158174840195,243.31329053496697,243.94201125758389
240.21326596386376,240.16416970349292,240.0300612070513,239.8359913034463,239.6927156769038,239.5299352891253,239.47781517957347,239.48378498519716,239.57491756996816,239.76312411022283,240.02062195036825,240.3473982979998,240.6432802579354,240.96353792103938,241.41153163385135,241.9374235680875,242.51597466658853,243.20810361292973,243.85149807225483
240.25111447443211,240.20882228186622,240.07455537684118,239.87411264634406,239.7275541795514,239.5655466653438,239.50608434618852,239.50489516841012,239.58798066348808,239.76629531041488,240.01205678167221,240.31392304135787,240.5944874654672,240.90304864934484,241.339645786017,241.85363879260214,242.42109868346878,243.1068865919277,243.76150248965084
240.3043110209558,240.2636704805278,240.12944594875498,239.9278647947936,239.77782513152763,239.61774440846477,239.5497535087375,239.54082968785235,239.61531239614402,239.78262744712646,240.0153151359598,240.29018071544024,240.5560189704013,240.85555702128542,241.2799610004645,241.78078504033704,242.33605967784396,243.0094268767944,243.670734297703
240.37140406334575,240.32819234179544,240.1942350210547,239.99571264982902,239.8421568831267,239.68502154914523,239.60772420098377,239.59054122656664,239.65570972062008,239.8109946680485,240.0294349505256,240.2764361456379,240.52829730241407,240.82051230889115,241.2314840321446,241.7179297199233,242.25996150165142,242.9155256600818,243.57925705705614
240.45066992379395,240.4018659079873,240.26842469200207,240.07611027888225,239.91911404837145,239.7656159638321,239.67852510723915,239.65267912100842,239.70791508875445,239.85027112087184,240.05345416266425,240.27295415734196,240.51122685242112,240.79686189954614,241.19322162631835,241.6641402399923,242.19190800682864,242.82498413434223,243.48719364501196
240.5403849244925,240.48416922142133,240.35151705985913,240.1675117493856,240.0072612412846,239.85776552897278,239.76068485858477,239.7258927075469,239.77067095238533,239.89933095328735,240.08641070967033,240.27981869935445,240.50405089838122,240.78355119156876,241.16418052824696,241.61848400917492,242.1310030453131,242.7376034921278,243.39466693887246
240.63882538763335,240.57458032441528,240.44301422288754,240.26837112877095,240.10516307588892,239.9597081210143,239.85273208610192,239.80883132255138,239.84271976335097,239.9570483129859,240.12735244548128,240.2963691991571,240.50596971856226,240.77952558327723,241.1433674831918,241.58002843610245,242.07635046904196,242.6531849259905,243.3017998159396
240.74426763540853,240.67257725928735,240.54241827934925,240.3771424844706,240.21138416620732,240.06968161640393,239.95319542087182,239.90014430239137,239.92280397348964,240.0223034499987,240.1754563885051,240.32175354845558,240.51618359123214,240.78373047298996,241.12978923641393,241.5478409294059,242.02705412995286,242.5715296284826,243.20871515351533
240.85499572407085,240.77762768778678,240.64922305552093,240.49228407089933,240.3244899849019,240.18592409895007,240.06060355261522,239.99848195164606,240.00968644839233,240.09413437307302,240.22998999337074,240.35511963879367,240.53389279465893,240.79511125902528,241.12245253317457,241.52098889771656,241.98221787998307,242.49243879215632,243.1155358289016
240.96966080378215,240.88895718396003,240.76267285711168,240.61249921796815,240.44319769649502,240.30688591442163,240.17361168023808,240.1026413764416,240.1023743386632,240.17174717132534,240.29022257588443,240.39561536171522,240.55829760711046,240.81261333970144,241.12036411873504,241.49853974966555,241.94094557107007,242.41571360956362,243.02238471940035
241.08743333697845,241.0055473669623,240.88172428923616,240.7368676315991,240.56654910095568,240.43162996945426,240.29126918675198,240.21172232052425,240.2000357746993,240.25435610314253,240.35542345185206,240.44238860876402,240.58859830685486,240.83518211333688,241.1225307383564,241.479560893884,241.9023410551512,242.34115527325667,242.92938470231354
241.20752311686545,241.12636910193518,241.00531800046105,240.86450098953597,240.6936278601191,240.55932901527984,240.4127020113473,240.32486187662312,240.30184172575684,240.34117542691132,240.42486193707978,240.494587271484,240.6239951721599,240.86176297824994,241.12795913729997,241.46311973900305,241.86550818416384,242.26856497578774,242.83665865494314
241.32913993664872,241.2503932540203,241.13239463935284,240.99451096952285,240.82351763582042,240.68915580313057,240.53703609321462,240.4411971374675,240.4069631610918,240.43141940101873,240.49780734737348,240.55135924141902,240.66368848129378,240.89130133275884,241.1356560608269,241.44828369365388,241.82955081004542,242.19774390970878,242.744329454591
241.45149358953378,241.37659068835924,241.26189485447802,241.1260092493036,240.95530208989484,240.8202830842388,240.6633973715442,240.55986519578664,240.51457104996032,240.52430228385148,240.5735289985392,240.6118524101129,240.7068785125242,240.922742575182,241.1446282541985,241.43412016646758,241.7935727847334,242.128493267572,242.65251997855916
241.57379386872637,241.5039322700937,241.39275929440313,241.25810750662228,241.08806488417738,240.95188360983659,240.7909117855266,240.68000314430984,240.6238363616184,240.6190383337964,240.65129620638305,240.67521466910947,240.75276554411937,240.9550321038378,241.15388246267588,241.41969656607534,241.75667796016512,242.06061424192964,242.56135310414956
241.69525056743203,241.63138886436525,241.5239286076948,241.38991741922285,241.2208896805032,241.083130131156,240.91870527435236,240.80074807576628,240.73393006532217,240.71484180924037,240.73037828671107,240.7405939099525,240.80054985434705,240.98711531704438,241.16242543152026,241.4040803011083,241.717970188278,241.99390802701691,242.4709566056809
241.81507347885633,241.7579313363155,241.65434344291947,241.52055066484914,241.35286014070758,241.21319539942934,241.045903777212,240.92123708288526,240.84402313032757,240.81092696857021,240.81004455532914,240.80713802418592,240.8494317214753,241.0179376131202,241.16926390599303,241.38633878019758,241.67655449550978,241.92824246493657,242.3814973183175
241.932472396205,241.88253055108618,241.7829444486438,241.64911892124525,241.48305992662551,241.3412521658887,241.17163323329578,241.04060725839597,240.95328652589086,240.9065080701728,240.88956432804352,240.8739949033536,240.898611423772,241.0464443903836,241.1734046313552,241.36554664470341,241.63193507768057,241.86372890215588,242.29316077359465
242.04665711268336,242.0041573738188,241.90867227343415,241.77473386615512,241.61057270009226,241.46647318176628,241.29501958179435,241.15799569502767,241.06089122126798,241.00079937243493,240.96820692066004,240.9403124389993,240.9472892395052,241.07158104715285,241.17387750299463,241.34133385174906,241.58459507869262,241.80053428141153,242.20613261994245
242.15683742149736,242.12178266965495,242.0304675658572,241.8965071773227,241.73448212294286,241.58803119829423,241.41518876189815,241.2725394855098,241.16600818571501,241.0930151337435,241.0452416489848,241.00523852266699,240.9946654469429,241.09235483020828,241.17045175967877,241.3142692445198,241.5351649723903,241.73882554544,242.12059850579064
242.26222311585235,242.23437730373644,242.14727097447948,242.01355053249196,241.85387185701248,241.70509896670464,241.53126671279753,241.3833757225713,241.26780838848808,241.18236961248522,241.11993782882385,241.0679228173371,241.04004707842256,241.10872424698817,241.1637732852723,241.28501230937297,241.48427523261802,241.67876963697805,242.0367440795691
242.36202808507196,242.3409121431056,242.25802314786742,242.12497560940682,241.96782556413638,241.81684923822982,241.6423793736832,241.48964149894164,241.36546279884323,241.2680783795705,241.19161609065176,241.12784729695,241.08343511204905,241.1213935240126,241.15453882412427,241.2542225326656,241.43255633322002,241.62053349876214,241.9547549897077
242.45587341284875,242.44062871989033,242.36179289966674,242.22994466111047,242.07545213256807,241.92246980834508,241.74766981979934,241.59050944689673,241.458247575701,241.3496707575171,241.2601928063256,241.18521518082142,241.12510790617645,241.13108686274867,241.14344512058372,241.22255940075482,241.38063874804067,241.56428407352902,241.87481688463635
242.5441274195976,242.5337896610842,242.45863642900088,242.32836245611045,242.1765078024438,242.02169666594355,241.8468528863801,241.68580563092593,241.54620663264484,241.42739438155448,241.32596832141425,241.24032422403278,241.16534454894153,241.1385284646633,241.13118891899975,241.19068239999757,241.32915295092428,241.51018830401526,241.79711541278488
242.62723849165423,242.62089834183323,242.54906870458623,242.4206981557714,242.27143582293309,242.11495741611694,241.9403357256864,241.77592965722852,241.62972424816044,241.50159697886195,241.38924936419647,241.29347218166583,241.20442412848095,241.1444425312236,241.1184669637214,241.15925101675117,241.27872941571522,241.45841313295745,241.72183622258325
242.7056550153544,242.702458137283,242.63360723039705,242.50743502991546,242.36071260984517,242.20272387929688,242.02856701445384,241.8613006082205,241.70918622758515,241.5726262766188,241.45034266295102,241.3449568088021,241.24262573293151,241.1495532638966,241.1059759990978,241.12892473737256,241.22999861625772,241.40912550309218,241.64916496246119
242.77982537703397,242.77897242257947,242.7127695104076,242.58905634836512,242.44481457898897,242.28546787591537,242.111995429418,241.94233756631786,241.7849783762566,241.64083000200455,241.50955494595635,241.3950758605231,241.2802284504299,241.15458486414929,241.094412769478,241.10036304821898,241.18359102639627,241.36249235715613,241.5792872808486
242.8501979630287,242.85094457286814,242.78707304859188,242.66604538094253,242.5242181461739,242.36366122640413,242.1910696473144,242.01945961393682,241.85748649951245,241.70655588219833,241.56719294149136,241.4441270919105,241.31751136911288,241.1602615334486,241.08447401921103,241.07422543564738,241.14013711997512,241.31868063788582,241.5123888261754
242.91722115967443,242.918877963295,242.85703534892411,242.73888539746997,242.59939972720912,242.43777575119498,242.2662383448786,242.09308583349323,241.9270964026901,241.77015164437958,241.62356337783459,241.49240825804594,241.35475357711726,241.16730747326164,241.07685649264596,241.05117138601497,241.10026737083848,241.27785728801797,241.44865524687134
242.9813433533069,242.98327596900563,242.9231739153786,242.80805966776984,242.67083573790367,242.50828327071986,242.337950198846,242.16363530740335,241.9941938911273,241.8319650157277,241.6789729832648,241.54021711401094,241.39223416257965,241.1764468850555,241.07225693413196,241.03186038567878,241.0646122528308,241.24018925028912,241.38827219136653
243.04301293026182,243.0446419651458,242.98600625192944,242.87405146166432,242.73900259406685,242.57565560541047,242.4066538859523,242.2315271180831,242.0591647701615,241.89234372342182,241.7337284860606,241.58785141488718,241.43023221363694,241.1884039702971,241.071372088018,241.01695192099595,241.03380223979644,241.20584346743584,241.3314253080906
243.10267827687503,243.1034793268614,243.04604986255086,242.93734404897572,242.80437671150773,242.6403645756988,242.47279808293294,242.29718034794857,242.12239484513037,241.95163549464158,241.78813661450056,241.6356089157561,241.46902681842576,241.2039029304534,241.07489869865316,241.00710547832358,241.0084678055797,241.1749868821948,241.2783002454735
243.16078777948238,243.16029142929804,243.10382225121694,242.9984206995263,242.8674345060354,242.70288200201654,242.53683146652355,242.36101407941587,242.18426992137123,242.01018805656608,241.84250409686365,241.68378737169934,241.50889706508292,241.2236679669916,241.08353351038653,241.0029805440187,240.98923942402487,241.14778643730273,241.22908265194516
243.21778982441955,243.21558164760148,243.15984092190195,243.0577646831384,242.9286523934593,242.76367970479546,242.59920271345953,242.4234473949009,242.2451758042219,242.06834913637476,241.89713766142825,241.73268453779858,241.5501220417451,241.24842328137865,241.09797326756723,241.00523660443858,240.97674756897635,241.124409075496,241.18395817593532
243.27413279802246,243.26985335691762,243.2146233785801,243.11585926963423,242.9885067895884,242.82322950446763,242.66036050047651,242.4848993768198,242.30549829901983,242.12646646124693,241.95234403647314,241.78259816913535,241.5929808365491,241.2788930750814,241.11891471454422,241.01453127456628,240.9715493062508,241.10502173951144,241.14311246587397
243.33026508662675,243.32360993239206,243.26868712522543,243.17318772883615,243.0474741102319,242.88200322146463,242.7207535043101,242.54578910758863,242.36562321110264,242.18488775836195,242.00842995027705,241.8338260207912,241.63775253763168,241.31580150593453,241.1470150610699,241.03125584328922,240.97369195983853,241.0897913720855,241.10673117019087
243.38663507656833,243.37735474917056,243.3225496658122,243.23023333056634,243.10603077119896,242.94047267621838,242.78083040169568,242.60653566962347,242.42593634580786,242.24396075489912,242.0657021311186,241.88666584784775,241.68471623312948,241.35967670159354,241.18240794683567,241.05526137698686,240.98300661408445,241.07888491595486,241.07499993731605
243.44369115418283,243.4315911823989,243.37672850431466,243.28747934464727,243.16465318829881,242.99910968916075,242.84103986936884,242.66755814534037,242.48682350847304,242.30403317803788,242.1244673072764,241.9414154053866,241.73415101117928,241.4104000771036,241.22485613208363,241.08633354211383,240.9993235695895,241.07246931385617,241.04810441567915
243.50188170580614,243.48682260722293,243.43174114470685,243.345409040901,243.22381777734054,243.05838608072352,242.90183058406512,242.72927561715528,242.5486705044358,242.36545275495743,242.18503220702922,241.99837244848936,241.78633595991795,241.4677198723894,241.27411452321644,241.12425800512503,241.0224731269549,241.07071150852602,241.0262302537102
243.56165511777408,243.54355239878828,243.48810509096322,243.40450568914997,243.28400095413343,243.11877367133863,242.96365122252013,242.79210716748435,242.61186313903363,242.42856721283727,242.24770355865573,242.05783473223758,241.84155016748213,241.53138432737546,241.32993802663677,241.1688204324753,241.05228558678158,241.07377844270093,241.00956309983908
243.62345977642235,243.60228393224074,243.54633784705754,243.4652525592164,243.34567913448655,243.18074428143768,243.0269504614693,242.8564718787436,242.67678721760413,242.49372427885655,242.31278809043457,242.12010001171285,241.90007272200847,241.60114168198623,241.39208154874729,241.21980649061922,241.08859124967051,241.08183705911765,240.9982886024955
243.68774406808672,243.6635205827261,243.60695691696438,243.52813292092253,243.40932873420905,243.24476973145266,243.0921769776482,242.92278883334907,242.7438285454849,242.56127168019472,242.38059253064438,242.1854660419968,241.9621827116339,241.67674017614638,241.46029999595058,241.27700184601176,241.13122041622285,241.09505430051271,240.9925924101095
243.75495637910308,243.72776572539007,243.67047980465773,243.59363004409076,243.4754261691101,243.31132184181536,243.1597794477924,242.9914771137168,242.81337292801348,242.63155714403115,242.4514236075638,242.25423057817096,242.02815922449506,241.7579280497804,241.53434827464915,241.34019216510765,241.18000338703948,241.11359710962273,240.99266017111086
243.82554509580714,243.79552273537843,243.7374240141118,243.6622271985433,243.54444785499902,243.38087243295766,243.23020654863745,243.06295580226293,242.8858061705274,242.70492839754513,242.52558804947162,242.32669137531695,242.09828134872856,241.84445354281286,241.61398129124575,241.40916311436177,241.23477046272157,241.13763242918432,240.99867753392954
243.89995860453473,243.8672949878368,243.80830704930077,243.73440765410245,243.61687020768485,243.45389332531127,243.30390695691884,243.1376439814034,242.96151407836425,242.78173316791597,242.60339258464646,242.40314618851636,242.1728281724715,241.93606489516836,241.698953952143,241.4837003602287,241.29535194387006,241.1673272019341,241.01083014699526
243.97864529162163,243.94358585791122,243.8836464141988,243.81065468059046,243.69316964297678,243.53085633930812,243.38132934937215,243.21596073355437,243.0408824568616,242.86231918232312,242.685143941367,242.48389277285088,242.25207878386033,242.03251034677132,241.7890211637435,241.56358956916364,241.36157813108596,241.20284837060873,241.02930365873794
244.06205354340358,244.02489872074716,243.96395961278014,243.89145154782966,243.77382257668395,243.61223329538,243.4629224027328,243.29832514113176,243.12429711135698,242.94703416794576,242.7711488479119,242.56922888340188,242.33631227103186,242.13353813754642,241.88393783244996,241.64861640762103,241.43327932497036,241.2443628779448,241.05428371758757
244.15063174621636,244.11173695149057,244.04976414901884,243.97728152564233,243.8593054246156,243.69849601395882,243.54913479373644,243.38515628655176,243.2121438471881,243.03622585196337,242.86171403255977,242.65945227525114,242.4258077221228,242.23889650741822,241.98345886466493,241.73856654205574,241.5102858261243,241.29203766667882,241.0859559719739
244.24482828639572,244.20460392528705,244.14157752688928,244.0686278838507,243.9500946025809,243.79011631547624,243.64041519911868,243.47687325223035,243.3048084696923,243.13024196155524,242.9571462235895,242.75486070348015,242.52084422526997,242.3483336963111,242.08733916679097,241.83322563892273,241.59242793514883,241.34603967954752,241.12450607032676
244.3450915502776,244.30400301728247,244.2399172503655,244.1659738922771,244.04666652638886,243.8875660203642,243.73721229561482,243.57389512058353,243.4026767842073,243.2294302239007,243.05775214927948,242.8557519231705,242.6217008686101,242.46159794414976,242.1953336452308,241.93237936467656,241.67953595264487,241.40653585928746,241.17011966107611
244.45186992419772,244.41043760262247,244.34530082342172,244.26980282074385,244.14949761184883,243.99131694905458,243.8399747599606,243.67664097402752,243.50613459607058,243.33413836617905,243.16383853790856,242.96242368940386,242.72865674027986,242.5784374908588,242.30719720638712,242.03581338577217,241.7714401792135,241.47369314863533,241.22297546412665
244.5656117944917,244.5244110564529,244.45824575003206,244.38059793907317,244.25906427476997,244.10184092197898,243.9491512688915,243.78552989497817,243.61556771061984,243.44471411556972,243.27571211775543,243.07517375726178,242.8419909284161,242.69860057636262,242.4226847566624,242.14331336866437,241.8679709154558,241.54765529614477,241.28304909135437
244.6867654244697,244.6464267539195,244.5792695341708,244.4988425170873,244.3758429309613,244.2196097595695,244.06519049914303,243.90098096585172,243.73136193319252,243.56150519925205,243.3936796170986,243.19429988182577,242.96198252115556,242.82183544058591,242.54155120294894,242.25466517441689,241.96895273305915,241.6283024689713,241.35008528156925
244.81545457233605,244.77682695270556,244.70879854731697,244.62496315914854,244.50026874842564,244.34506444194994,244.1885220140335,244.0234028668725,243.8538976596885,243.6848563738833,243.51804576903166,243.32009595938356,243.0888954308882,242.94789315532054,242.66355988190153,242.36966023641097,242.07418644122697,241.71534761158392,241.42381626345468
244.95077430775447,244.9148329353536,244.8462299259382,244.75852394716688,244.6320044866807,244.47792855666177,244.31897210957132,244.1527069195914,243.98314306006725,243.81476329330783,243.64880771797812,243.45250848845322,243.22254039492427,243.07655335321647,242.7885040175436,242.48809624743495,242.18346668906912,241.80850100583018,241.50397426569373
245.09161633892194,245.05918962397004,244.99031083929918,244.89841742377163,244.77002734148965,244.61720378901367,244.45565586288672,244.28809874729575,244.11837109168198,243.95054908814777,243.7853258420462,243.5908655541182,243.36220824486847,243.20761221440947,242.9161834544979,242.6097712328861,242.29658812568456,241.90747293355756,241.59029151696993
245.23687237403558,245.20864019892798,245.13977823820005,245.0435184144254,244.9132907072483,244.7618600820652,244.59764746380063,244.42873029759014,244.25878781233598,244.09146038062434,243.9268815452663,243.73443146187435,243.50716121145598,243.34086612149667,243.04639803738715,242.73448321816218,242.4133454001726,242.0119736766133,241.68250024596665
245.38543412129246,245.36192784060052,245.29336907344123,245.19270174459086,245.06074797835285,244.91086737887588,244.7440211021338,244.5737535180797,244.40359927983275,244.23674379295906,244.07275623166814,243.88247051721714,243.65666152542198,243.4761114570751,243.17894761083403,242.86203022866036,242.53353316163245,242.12171351684492,241.78033268136704
245.5361932888897,245.51779572936096,245.44982029582258,245.34484223973078,245.21135254919906,245.06319562250508,244.89385096770707,244.722320356369,244.55201155197568,244.38564594737326,244.22223130528192,244.03424702564217,243.80997141750188,243.61314460374194,243.31363201946132,242.99221028977834,242.65694605916335,242.23640273609982,241.88352105185464
245.68804158502437,245.67498704558238,245.6078688561445,245.4988147253078,245.36405781418307,245.2178147560126,245.0462112503414,244.87358276006304,244.70323068656816,244.53741346608842,244.37458817013757,244.18902529264497,243.96635311843085,243.75176194409423,243.45025110789194,243.12482142691337,242.7833787418644,242.35575161622538,241.9917975861126
245.8398707178935,245.832244969638,245.76625170520714,245.65349402678476,245.51781716770088,245.37369472245774,245.20017613985758,245.02669267676663,244.8564627414136,244.69129297132596,244.529108230265,244.34606962372118,244.1250688589442,243.89175986072928,243.58860472074852,243.25966166546323,242.91262585883484,242.47947043906913,242.1048945128244
245.99057239569413,245.9883126819011,245.92370579381054,245.80775496962423,245.67158400414831,245.5298054649001,245.35481982607627,245.18080205408452,245.01091377431555,244.8465310853073,244.68507288969454,244.50464432436647,244.2853808697772,244.03293473624396,243.72849270265377,243.39652903082515,243.044482059174,242.60726948647826,242.22254406067313
246.13903832662348,246.14193336274468,246.07896807275503,245.9604723792891,245.82431171792143,245.6851169263991,245.50921649881855,245.33506283962151,245.16578984307728,245.00237443025375,244.841763552456,244.6640137000763,244.44655138166502,244.17508295323557,243.86971489823057,243.5352215483967,243.1787419919809,242.7388590403004,242.3444784583424
246.2841602188784,246.29185019254214,246.23077549284073,246.11052108124184,245.97495370341628,245.83859905001452,245.66244034790515,245.48862698098247,245.32029700550223,245.15806962838687,244.99846162257936,244.82344205634635,244.60784262534295,244.31800089430124,244.0120711521016,243.67553724357538,243.31520030635488,242.87394938238288,242.47042993451535
246.4248297806562,246.43680635166643,246.37786500486774,246.25677590094537,246.12246335502874,245.98922177880567,245.81356556315689,245.6406464257724,245.47364131939383,245.31286330192796,245.15444850409477,244.98219369867212,244.76851683154626,244.46148494203797,244.15536130888967,243.8172741417587,243.45365165139498,243.0122507945732,242.60013071787543
246.55993872015387,246.57554502049095,246.51897355963635,246.39811166386224,246.26579406715484,246.1359550558321,245.9616663343947,245.79027312159585,245.62502884255548,245.46600207309854,245.3090056010322,245.1395329325492,244.92783623101033,244.60533147904292,244.29938521321753,243.960230268344,243.59389067620063,243.15347355871864,242.73331303710586
246.68837874556849,246.7068093793888,246.65283810794674,246.53340319545524,246.40389923419062,246.27776882415347,246.1058168514393,245.93665901605786,245.7736656327906,245.61673256411984,245.46141431742166,245.29472406347332,245.08506305447028,244.7493368879133,244.44394270970793,244.1042036487289,243.73571202987088,243.2973279566667,242.86970912089006
246.80904156509703,246.8293426087332,246.7781956005989,246.6615253211871,246.535732250532,246.41363302682905,246.24509130411155,246.07895605676305,245.9187577479026,245.76430139721356,245.6109560572932,245.44703139693988,245.2394595326614,244.89329755124612,244.58883364298356,244.24899230831082,243.87891036150498,243.44352427026473,243.0090511979113
246.92082669328488,246.9418931116661,246.8937837083542,246.78135286652054,246.66024651057495,246.54251760691858,246.37856388223236,246.21631619131648,246.05951124569498,245.90795519460085,245.75691222467682,245.59571923844462,245.3902878963189,245.03700985163846,244.73385785766723,244.39439427248723,244.02328032020208,243.59177278136013,243.151071496853
247.02328726230002,247.04388536972974,246.99884547774036,246.89202599929908,246.77651196821694,246.66343262094796,246.50531525683272,246.3478915870996,246.19513218397097,246.0469405785033,245.8985642236026,245.7400518934831,245.53681037617818,245.18027017168765,244.87881519838183,244.54020756665565,244.1686165550614,243.74178377180053,243.29550224639837
247.11711341277845,247.1360813366757,247.09401407000118,246.99387253047868,246.88457291050653,246.77616523032125,246.6248890095907,246.4730895556483,246.3249744480156,246.18060642280838,246.03527700345057,245.87938478289377,245.67840464460778,245.32287489399064,245.02350550974995,244.68623021621343,244.31471371518222,243.8932675234331,243.4420756752308
247.2031091597181,247.21940009821856,247.18015958411453,247.08755241778113,246.98495877144285,246.88120654989314,246.73759239193595,246.59206448978244,246.4490785538268,246.3089265449137,246.16699598278345,246.0136918938613,245.815101658603,245.46462040114454,245.1677286363944,244.83226024655832,244.46136644966367,244.04593431810537,243.5905240120336
247.28207851811703,247.29476074007263,247.25815211905834,247.17372563454248,247.07820252651408,246.9790731328587,246.84380405500602,246.70510680451144,246.56768422590378,246.43211079746345,246.29391294983958,246.14320436573612,245.94716192424286,245.60530307574658,245.31128442293792,244.9780956830875,244.60836940760504,244.1994944376647,243.7405794854902
247.354825502973,247.36308234795257,247.32886177381076,247.2530521540992,247.1648371512088,247.07028153241282,246.94390264993845,246.81250691484485,246.68103120995707,246.5503694713394,246.41622058812467,246.26815417755296,246.0748461992611,245.74471930039377,245.45397271400333,245.12353455119873,244.7555172381054,244.35365816395864,243.89197432428375
247.42215412928414,247.42528400757263,247.39315864734968,247.3261919497873,247.24539562101506,247.1553483017505,247.0382668278706,246.914555235792,246.78935925169677,246.66391285742318,246.5341115811443,246.38877330834632,246.19841524139147,245.88266545768326,245.59559335421332,245.26837487628922,244.90260459026402,244.50813577883437,244.04444075709762
247.48486841204823,247.48228480464724,247.45191283865313,247.39380499494308,247.32041091142145,247.23478999406663,247.12727523994008,247.01154218236252,246.89290809683288,246.77295124659693,246.6477786124041,246.505293737151,246.31812980836793,246.01893793021222,245.73594618819072,245.4124146837566,245.04942611318015,244.6626375641395,244.1977110126153
247.5437723662633,247.53500382489096,247.50599444669922,247.4565512629027,247.39041599791614,247.30912316255618,247.21130653728423,247.1037581695657,246.99191749107607,246.87769492974226,246.75741436540977,246.6179474430014,246.4342506579243,246.1533331005778,245.87483106055822,245.55545199899834,245.1957764559529,244.81687380172139,244.35151731951993
247.5996700069274,247.58436015401816,247.5562735704658,247.5150907270024,247.45594385598758,247.3788643604141,247.29073937104062,247.1914936124112,247.08662718013628,246.978354197741,246.863211523667,246.7269664049324,246.54703854779427,246.285647351377,246.01204781593862,245.6972848474118,245.34145026768155,244.97055477342738,244.505591906495
247.6533653490383,247.63127287774327,247.6036203089309,247.57008336057837,247.51752746112396,247.44453014083533,247.3659523923468,247.27503892590832,247.17727690972367,247.07513934147485,246.96536277068122,246.83258260197854,246.6567542357117,246.415677065207,246.14739629895473,245.8377112543946,245.4862421974653,245.123390761105,244.65966700222367
247.70566240759402,247.67666108178076,247.64890476107263,247.62218913696677,247.57569978881378,247.50663705701479,247.43732425234018,247.35468452506663,247.26410642554868,247.1682606518259,247.06406078995832,246.9350280131745,246.76365847941045,246.54321862466495,246.28067635422917,245.97652924534424,245.62994689440333,245.27509204660163,244.8134748353894
247.75736519759255,247.72144385184498,247.69299702586892,247.6720680295039,247.63099381454526,247.56570166214752,247.50523360215826,247.43072082489553,247.34735547332136,247.2579284196757,247.15949826500375,247.0345346175549,246.86801203662438,246.66806841234788,246.41168782638485,246.11353684565816,245.7723590075948,245.42536891176468,244.96674763467547
247.80927773403175,247.76654027365063,247.7367672022978,247.7203800115259,247.68394251380693,247.6222405094284,247.57005909293858,247.5034382404046,247.42726379875205,247.34435293590604,247.2518678793233,247.13133439415435,246.97007566508714,246.79002281085306,246.54023056004442,246.24853208073372,245.913273186139,245.57393163844156,245.11921762876523
247.86220403190964,247.8128694329118,247.78108538933725,247.76778505636892,247.73507886208688,247.67677015205237,247.63217937581857,247.57312718660313,247.50407114755086,247.42774449139898,247.34136231642256,247.22565932200757,247.07011012253264,246.9088782027774,246.6661043998307,246.38131297596854,246.0524840791351,245.72049050847968,245.27061704634195
247.91691023610608,247.86130204495942,247.8267891537867,247.81493352190535,247.7849340990126,247.72980697766718,247.69197310193567,247.64007807850078,247.57801726542814,247.50831337703607,247.42817425980718,247.31774138014913,247.1683761666948,247.02443097071827,246.78910919036642,246.51167755676002,246.18978633568221,245.86475580372638,245.42067811608908
247.97380008866898,247.91225010774676,247.8743276620721,247.86229024702902,247.83395783476652,247.7818056042735,247.7498071129188,247.70458018144473,247.64934169827424,247.58626961580256,247.51249609150108,247.40781188130995,247.26513352374246,247.1364797383502,246.90904767123757,246.63942764462863,246.32497969704036,246.006449445459,245.56914714105216
248.03307585630748,247.96587242769385,247.9238945629875,247.91015242418408,247.88248464135125,247.83306661383364,247.80599052249775,247.76691148420824,247.71828006300402,247.66181344655013,247.59450200828113,247.49604845593151,247.36055778719358,247.24497182866617,247.02586817038787,246.76451256398474,246.45801634556284,246.14554783762838,245.71600507832977
248.09493764144327,248.02232515437342,247.97567901930802,247.95881121635927,247.9308404256506,247.88386697590676,247.86081483245675,247.8273435829912,247.7850643857999,247.73513275129244,247.67433796425303,247.58253651272193,247.4546794385685,247.350093628979,247.13972984725632,246.88707320942126,246.58902356914788,246.28227472992953,245.8614266770152
248.1595855464981,248.08176443735812,248.02987019380865,248.00855778654295,247.97935109454852,247.93448366005188,247.91457154027475,247.8861480009064,247.84992656084535,247.8064146207993,247.75214747754282,247.6673523714161,247.54751458402436,247.45205312788417,247.2508083682984,247.00726327433662,246.71813830806337,246.41686408373846,246.00559249425808
248.22721967389361,248.1443464262207,248.08665724926448,248.05968329772375,248.02834255492897,247.98519363582807,247.96755214343062,247.94359626106626,247.91309848232385,247.87584614584077,247.8280740662762,247.7505723517486,247.63907932971787,247.55105831397705,247.35927939996964,247.12523645212897,246.84549750257676,246.54954986043154,246.14868308720816
248.29804012605172,248.21022727053386,248.14622934845062,248.11247891289023,248.0781407136758,248.03627387279434,248.02004813940312,247.99995988658375,247.97481204441883,247.94361441718667,247.90226124857898,247.83227277345426,247.72938978180593,247.64731717585298,247.4653186087255,247.24114643619654,246.97123809295596,246.68056602138486,246.29087901301526
248.37224700539403,248.27956311987037,248.20877565414202,248.16723579503093,248.129071477673,248.0880013405099,248.0723510256711,248.05551040057134,248.0352991413138,248.00990652560705,247.97485254257734,247.91252995626766,247.8184620464455,247.74103770210735,247.56910166102165,247.35514691993777,247.09549701946852,246.8101465279748,246.43236082882896
248.45004041434228,248.35251012380274,248.27448532911376,248.2242451071343,248.18146075380443,248.14065300853358,248.12475229971344,248.11051932614166,248.09479166719225,248.07490956187172,248.0459914663967,247.99142021992384,247.90631222979346,247.83242788133532,247.6708042233135,247.46739159675082,247.21841122238223,246.93852534157753,246.5733090917992
248.53162045531815,248.42922443190398,248.34354753614096,248.2837980121889,248.23563444895407,248.19450584642465,248.17754345900883,248.16525818640744,248.15352151623745,248.13881061675067,248.11582153816332,248.0690198841574,247.99295643800667,247.92169570213235,247.7706019620565,247.57803416003395,247.34011764196464,247.06593642356927,246.71390435907563
248.6171872307435,248.5098621937465,248.41615143799865,248.34618567318336,248.2919184700059,248.24983682374196,248.2310160010361,248.21999850448134,248.211720582633,248.20179678101374,248.1844862760029,248.1454052687031,248.0784107772418,248.0090491530939,247.8686705437063,247.68722830318555,247.46075321848357,247.19261373532618,246.85432718780794
248.70694084303997,248.59457955890326,248.4924861974619,248.41169925310624,248.35063872384364,248.30692291004476,248.28546142327423,248.27501180347593,248.2696207605624,248.264055145431,248.25212919804125,248.22065269329568,248.16269135365604,248.09469622281523,247.9651856347183,247.7951277196038,247.5804548922066,247.31879123822452,246.99475813514587
248.80108139462928,248.68353267694678,248.5727409773057,248.48062991494598,248.41212111735152,248.36604107489194,248.34117122320197,248.3305696065039,248.32745394420908,248.3257728007722,248.31889382240436,248.29483847766988,248.245814273406,248.17884489989163,248.06032290154812,247.90188610268692,247.69935960340166,247.44470289364054,247.13537775823926
248.8998089879333,248.77687769744978,248.65710494030512,248.55326882169118,248.47669155741315,248.4274682878427,248.39843689829814,248.386943436678,248.38545202775651,248.38713683780736,248.3849236672181,248.3680389415605,248.3277956426488,248.26170317291852,248.1542580106512,248.0076571458333,247.81760429233609,247.57058266295044,247.27636661423782
249.00332372537358,248.87477076998513,248.74576724923526,248.62990713633027,248.54467595091262,248.49148151845603,248.4575499460416,248.44440481711078,248.44384690538809,248.44833434730637,248.45036225060818,248.44033040470222,248.4086515675411,248.3434790304913,248.24716662848306,248.1125945424412,247.93532589927787,247.69666450753044,247.41790526029112
249.11182570937197,248.9773680441253,248.8389170668712,248.7108360218519,248.61640020473374,248.558357736291,248.51880186391105,248.5032252709148,248.50287047128725,248.50955242003914,248.51535309070056,248.51178918682987,248.4883981542399,248.4243804612052,248.33922442149927,248.21685198590882,248.05266136449453,247.8231823887568,247.56017425354918
249.22551504235005,249.08482566944323,248.93674355598787,248.7963466412447,248.69219022576064,248.62837391090667,248.58248414938552,248.56367632120302,248.56275461963756,248.57097814677562,248.58003970562126,248.58249160767824,248.5670515089021,248.50461545365565,248.43060705615528,248.3205831696345,248.16974762825382,247.95037026800568,247.7033541511615
249.3445918267297,249.19729979551155,249.03943587936052,248.88673015749706,248.77237192087702,248.70180701186212,248.64888829994368,248.62602949108768,248.62373124462238,248.6327986182858,248.64456561349584,248.6525139869819,248.6446277376844,248.58439199643794,248.52149019890666,248.42394178701647,248.28672163082342,248.07846210665335,247.84762551027796
249.4692561649327,249.31494657190285,249.14718319976407,248.98227773359756,248.85727119696696,248.77893400871628,248.7183058130644,248.6905563036818,248.68603224042542,248.6952009253395,248.70907433245048,248.72193264447577,248.72114294674387,248.66391807814747,248.61204951620888,248.527081531453,248.40372031247105,248.207691866076,247.99316888804816
249.59970815938058,249.43792214819007,249.26017467997363,249.0832805325347,248.9472139609143,248.86003187102835,248.79102818622644,248.75752828209778,248.74988950122975,248.7583721587066,248.77370938061074,248.79082389989455,248.7966132422373,248.74340168737967,248.7024606745175,248.63015609634243,248.52088061346439,248.3382935076498,248.1401648416221
249.73614791249526,249.5663826739457,249.37859948276417,249.19002971729716,249.04252611960297,248.94537756835746,248.86734691690882,248.82721694944846,248.81553492121904,248.82249940915713,248.83861427610273,248.85926407297296,248.8710547303215,248.82305081272972,248.79289934028796,248.733319175083,248.6383394740711,248.47050099275123,248.28879392814923
249.87877552669832,249.70048429874248,249.50264677091087,249.3028164508734,249.14353357991686,249.0352480702624,248.94755350259018,248.8998938288464,248.88320039457682,248.88776976746104,248.90393253705219,248.92732948344573,248.9444835171535,248.90307344279302,248.88354117997585,248.836724461073,248.75623383455886,248.60454828275613,248.43923670477946
250.0277911044116,249.8403831721532,249.63250570718867,249.42193189625198,249.25056224873998,249.12992034630247,249.03193944074948,248.97583044340422,248.95311781548642,248.9543703243881,248.96980768158514,248.99509645104766,249.0169157088901,248.98367756616506,248.9745618600367,248.94052564771056,248.87470063519535,248.740669339041,248.59167372866247
250.18339474805674,249.98623544375056,249.76836545437268,249.54766721642127,249.3639380329562,249.22967136603657,249.12079622886537,249.0552983162346,249.02551907813137,249.02248817070833,249.0363832278272,249.06264129551354,249.08836741168815,249.065071171441,249.0661370469259,249.0448764283942,248.99387681624836,248.87909812298196,248.74628555694798
250.3457865600556,250.13819726310723,249.91041517523803,249.68031357437008,249.4839868394495,249.33477809902385,249.21441536441685,249.13856897045025,249.10063607669508,249.09231039719168,249.1038026939045,249.1300403365781,249.1588547317045,249.14746224721625,249.1584424070991,249.14993049652205,249.11389931798553,249.02006859595534,248.90325274678577
250.5151666428297,250.2964247797959,250.05884403255965,249.82016213308685,249.61103457510373,249.44551751482336,249.31308834488263,249.22591392916374,249.17870070536108,249.164024094608,249.1722095979427,249.19736989397597,249.2283937750961,249.23105878208625,249.2516536070118,249.25584154549242,249.23490508067448,249.16381471933713,249.06275585532558
250.691735098801,250.4610741433893,250.21384118911269,249.9675040555601,249.74540714680276,249.5621665829941,249.4171066677416,249.3176047154878,249.25994485831274,249.23781635372725,249.24174745806772,249.26470628744198,249.2970006480198,249.31606876464625,249.34594631311944,249.36276326870347,249.357031044583,249.31057045450376,249.22497543971716
250.87569203039112,250.63230150346018,250.37559580767217,250.12263050477836,249.8874304614307,249.68500227309525,249.52676183047257,249.41391285253505,249.3446004297336,249.31387426531938,249.31255979240555,249.332125836711,249.36469145663253,249.40270018349162,249.44149619187758,249.4708493595536,249.4804141499787,249.46056976283137,249.39009205711017
251.06723754002184,250.81026300958118,250.54429705101305,250.28583264373017,250.0374304258714,249.81430155468573,249.64234533055435,249.51510986341808,249.43289931380704,249.39238492015429,249.38479011908194,249.3997048615176,249.43148230709096,249.49116102721777,249.53847890974168,249.58025351144104,249.60519133712938,249.61404660569622,249.55828626465444
251.2665717301148,250.99511481132507,250.7201340819106,250.4574016354041,250.19573294700862,249.95034139732456,249.76414866546583,249.62146727124966,249.52507340471655,249.47353540900187,249.45858195622276,249.46751968159663,249.49738930555225,249.58165928441997,249.63707013316738,249.69112941776416,249.7314995463027,249.77123494447454,249.72973861949967
251.4738947030918,251.18701305826448,250.90329606313972,250.63762864278874,250.3626639317265,250.09339877057104,249.89246333268574,249.7332565991423,249.6213545966457,249.55751282263208,249.5340788219539,249.53564661668275,249.56242855817305,249.6744029436936,249.73744552861007,249.8036307719211,249.8594757177662,249.93236874054244,249.90462967879557
