-0.2581199256144231,-0.16875525276157077,-0.08308915654063043,-0.004820213583528243,0.06605157610986367,0.12912610098067745,0.19067279853281605,0.23442056012052603,0.2618277351210452,0.2925079681184286,0.32181907748461924,0.34719168986809024,0.36718751827225304,0.3823815438904177,0.39393165046083567,0.3946026007557748,0.37952603110272776,0.3529259848306836,0.31480246193976313,0.2709172007393903
-0.2076926021450305,-0.12733361555259393,-0.050273697568897546,0.02018808319733978,0.08405172674628147,0.14147979693477453,0.19436384583318045,0.23545589250802834,0.2666044869057913,0.29640724134613805,0.3227265259427128,0.3438419100132748,0.3588624579876267,0.36830392277942536,0.3727577686159549,0.368422799903918,0.35273288099951117,0.3279185551656454,0.2939798224024486,0.25547888617457204
-0.159652046220792,-0.08794481461191594,-0.01914506834508245,0.043839707237637526,0.10100951213636478,0.15291532810379493,0.19822950966065633,0.23662417454228546,0.27003187328124056,0.29856605457325003,0.32199434776829605,0.33931730977170815,0.350096056137275,0.3547663327901489,0.3534771080962855,0.3451804764259734,0.3291518504591977,0.3060243158146889,0.27579787249258914,0.24202197483168675
-0.11402383327774146,-0.05059442554775018,0.010309251967946409,0.06616146905503939,0.11696222571367088,0.16349632996683283,0.20225600960765888,0.23793128079385184,0.27227431422842585,0.2992054846425134,0.31985669572748776,0.3338297402737709,0.3410496292584284,0.34185502805414103,0.33606513536656735,0.32476228435059085,0.3086420382856474,0.28710248209191036,0.26014361576952894,0.2304750943828182
-0.07083353875176357,-0.015288023968288655,0.03810178420733479,0.0871801791672695,0.13194716091165049,0.17328643800284027,0.20642956526658907,0.23938308583331747,0.2734962297284582,0.2985466083966699,0.3165477225863853,0.32759105264982225,0.331884493888289,0.32965626270294734,0.3204973168914904,0.3070548777063493,0.2910625432827132,0.2710122693114343,0.24690405579268315,0.22076687250019944
-0.030106738078977457,0.0179688145181629,0.06424504921020713,0.1069226480920733,0.14600161116388222,0.18234928769092562,0.2107363962298905,0.24098546423122968,0.2738620397624203,0.29681050267850395,0.3123015811110861,0.3208130980302357,0.3227619665640731,0.3182562908680566,0.30674911913583003,0.29194491052200533,0.27627246425432617,0.25761289278742794,0.23596619612146696,0.21282593685597107
0.008130993304938272,0.04917051430354746,0.08875156781375182,0.1254156863471536,0.15916286990390205,0.19074851451009778,0.21516272208991438,0.24274429055816427,0.2735361643114089,0.2942182443307644,0.3073524240676946,0.31370772754536347,0.31384336382298983,0.3077413666810358,0.2947960085642336,0.27931903682605963,0.2641309000042753,0.24676356783395903,0.2272170403152458,0.20658091512233057
0.043854079963821846,0.07831149977955221,0.11163386085507909,0.14268610445021324,0.17146823056507543,0.19854775393928747,0.21969476243913988,0.24466543938469698,0.2726830233564499,0.29099091019619294,0.30193440422233664,0.3064867923256003,0.30529000220224134,0.29819774427340207,0.28461345164149776,0.26906391064724033,0.2544969493365059,0.2383235097652232,0.22054359193349882,0.20196043497155358
0.07703694646174597,0.105386195337978,0.13290444917136313,0.15876071291902605,0.18295498658108045,0.2058106414576386,0.22431873686994663,0.2467547852813965,0.2714670368786827,0.28734957711757403,0.2962816743410812,0.299362143501277,0.2972631982390652,0.28971167777670814,0.27617691483229123,0.26106618601414766,0.2472297110548567,0.2321519338952669,0.21583285453550616,0.19889312407565285
0.10765401736276914,0.1303890253706399,0.15257585359973547,0.17366632227125933,0.1936604313853394,0.21260081254411745,0.22902086497476404,0.24901820281881726,0.2700526248591544,0.2835153219376565,0.290628387190047,0.2925456322027813,0.28992426847064223,0.2823694213224641,0.2694618646013254,0.25521251695538183,0.24218828396322323,0.22810805553832836,0.21297183168082512,0.1973076101070106
0.1356797172308788,0.15331441426927483,0.17066059497732056,0.18742974302465853,0.20362185841140246,0.21898190267773998,0.23378736634597175,0.25146156656754215,0.26860420727895473,0.2797092214992034,0.285208695535367,0.28624910956048666,0.2834345294341887,0.2762572290422014,0.26444376741333286,0.2513895574995857,0.2392317668654158,0.2260510900084114,0.21184752692870745,0.19713252073766085
0.1610884706302329,0.1741567864257476,0.18717119414129257,0.20007778569692647,0.2128765610927701,0.22501754733757906,0.23860446057602758,0.25409075109814694,0.2672862041191735,0.2761523526449494,0.28025675214308876,0.28068442670474525,0.27795529766693505,0.2714613550674585,0.2610980897330819,0.24948396167550158,0.23821925856541526,0.22584025261976137,0.2123469438386607,0.19829648363984376
0.1838547021248118,0.19291056623180225,0.20212017192879017,0.21163726080579437,0.22146183286297116,0.23077138200264358,0.24345836725729697,0.256911630981179,0.26626303536088614,0.2730657922176718,0.2760067097793524,0.27606343476595185,0.27364788970609766,0.2680680535297455,0.2594002980252199,0.24938238351165154,0.23900985786699636,0.22733475868641762,0.2143570859700219,0.20072812648569993
0.2039528362786598,0.2095701780792396,0.2155200491769591,0.22213497886898637,0.2294149671554706,0.236307042151914,0.24833530598222353,0.259930080787214,0.26569912098516113,0.2706706170601265,0.27269272121026233,0.272597984874416,0.27067362208885015,0.26616357856065065,0.2593258587545364,0.25097147703672107,0.2414626635740973,0.23039382352256155,0.2177649568822133,0.2043560769474766
0.22135729765584244,0.22413004635983214,0.22738334672293092,0.2315977504042266,0.23677325740384703,0.24168816326446318,0.25322149634323665,0.2631519750868492,0.2657588809730669,0.2691879040150553,0.2705489392019089,0.270499928160568,0.26919381135243725,0.2658341842916556,0.26085023838565746,0.25413789627926775,0.24543677449055679,0.23487666244231065,0.22245756013468565,0.20910896269738544
0.23604251082036853,0.2365845954654091,0.2377225854038798,0.24005238592921785,0.24357399704154403,0.2469783808192858,0.25810315793269467,0.26658318845061046,0.26660673530574996,0.2688387299252639,0.26980951652040375,0.2699811157547174,0.26936977403406104,0.2671661248543131,0.26394890338340815,0.258768295268041,0.2507912894202349,0.24064249075975397,0.2283218992867475,0.21491541140747472
0.24798305308868152,0.24692894700170598,0.24655143060571305,0.24752709359164982,0.24985593595962996,0.2522426416804109,0.26296746939622295,0.27022978609041104,0.2684063794982947,0.26984285508245165,0.2707070066607429,0.2712518075213737,0.2713614788233514,0.2702447081111785,0.2685969408389397,0.2647493771247156,0.25738546718367417,0.24755065067227378,0.2352449275906352,0.22170375122388464
0.2572450260432788,0.25523722114450464,0.2539497821729171,0.25410307505570273,0.2556970997929682,0.25756308401499695,0.2678342807516074,0.2741056309380525,0.27125026553901677,0.27231189882039075,0.27334872237528884,0.27439780101758515,0.2752202970333997,0.27507431061705745,0.2747324255219965,0.2719666570087611,0.2650887627344787,0.25547175888353735,0.24311564545608633,0.22938997724039467
0.2640545254058253,0.2616910761247553,0.260057304091319,0.2598828865531715,0.26116782351044776,0.262970151377516,0.27274520309379113,0.2782418830726243,0.2751020063608536,0.2761716441415061,0.27762951300894656,0.27929337464512116,0.28081097600379223,0.28151747714419884,0.28222599463121156,0.28030048578511924,0.27378650071220534,0.2642964265461245,0.2518302632870473,0.23787605548145763
0.2686469290228075,0.26647309569634103,0.26500736833435923,0.2649578529014036,0.2663245493976234,0.26847541424704957,0.2777387921820704,0.28267301834307546,0.2799118188715113,0.2813296645921213,0.28342368983138755,0.2857922682651548,0.2879798571436609,0.2894224057534984,0.29094113094674867,0.2896302895016234,0.28336534985898254,0.27391731763272986,0.26128619282300747,0.24706352172157153
0.27125761474092513,0.26976586361318766,0.2689333468754427,0.2694192989176898,0.271223719740064,0.27409044310266495,0.28285360377573454,0.2874335125984402,0.2856299199786889,0.28769353371851025,0.2906055641122691,0.29374822173885207,0.2965732818621021,0.29863729450593723,0.30074131724865083,0.29983549420591515,0.2937119789169671,0.28422709611619723,0.27138084580373345,0.25685391173541916
0.2721219604066363,0.27175196362924225,0.27196861168807374,0.27335854941940596,0.27592177682337393,0.2798268084234721,0.2881281936340656,0.292557841687632,0.29220652659005,0.2951708250670393,0.2990494471212841,0.30301497492737894,0.30643759156823336,0.30901034146243234,0.3114900363170534,0.31079552594572846,0.3047130566283016,0.2951184259693065,0.2820116339688781,0.267148761297733
0.2714753438666051,0.27261397949838795,0.2742465347456431,0.2768669292238428,0.2804751629331079,0.28569608068853114,0.29360111751632445,0.298080481459678,0.2995918556133432,0.3036691121839894,0.30862965012807564,0.3134462676918801,0.3174191276711369,0.3203897446839221,0.3230507709320847,0.32238981076881856,0.31625525173515,0.3064839711648588,0.2930759690580871,0.2778496061830751
0.2695531429672897,0.2725344949745292,0.2759004880215983,0.28003576314831946,0.2849403203547922,0.29170983037690945,0.29931093118186425,0.3040359077635486,0.30773612395621797,0.3130959686156771,0.3192204844023152,0.3248958398935571,0.32936423157995165,0.33262370223130944,0.33528700387384447,0.33449777472294073,0.32822523297962647,0.31821639567559856,0.3044712628109991,0.2888579821661139
0.26659073555529744,0.27169609381157045,0.2770638434893655,0.2829563760101763,0.2893736913741094,0.29787962796770273,0.30529619038986766,0.31045859644822826,0.31658954852641585,0.3233589679084332,0.33069626121367435,0.33721743139356164,0.3421192447038024,0.3455604121655611,0.34806221792243264,0.3469988438558005,0.3405096691039162,0.33020836347437665,0.3160949269673381,0.3000754250215678
0.2628234994772356,0.270281359763473,0.2778699731224137,0.2857200926267325,0.293831718276536,0.3042170439400138,0.3115954508997305,0.3173830233626944,0.3261023462316075,0.3343656836085529,0.34293129183180326,0.35026478205304556,0.35553050845177836,0.3590480725476226,0.3612398958580414,0.3597724442151815,0.35299522885011925,0.3423525385339161,0.3278443732666787,0.3114034705239064
0.2584868125796689,0.2684728765841484,0.2784522488941832,0.2884182378153213,0.2983708433476764,0.31073364877287446,0.31824726847064966,0.3248436643559174,0.33622473397952035,0.34602368926239535,0.3557998875263806,0.36389163173316774,0.3694443642329759,0.3729348814383897,0.3746835204606853,0.3726980018487609,0.3655685809604492,0.3545415848270892,0.3396170134488159,0.3227436544480753
0.25381605270913354,0.2664532280274656,0.27894404277808604,0.2911421363932547,0.3030475088731208,0.3174410129453946,0.32529019886193566,0.3328749952768817,0.3469069286778108,0.3582405584162416,0.36917635956707784,0.3779517202951297,0.38370715345654105,0.387069036898815,0.3882565745105353,0.3856549428043081,0.37811639417702736,0.3666681663266331,0.35131025925327464,0.3339975125684589
0.2490465977122227,0.2644049978473717,0.2794787267475769,0.2939831131778803,0.30791815713838844,0.32435070693660606,0.3327627978328991,0.3415114919745932,0.35809914723422054,0.37092386461640814,0.3829350192235381,0.39229878760004055,0.3981652175315702,0.4012987369898582,0.401822540787677,0.3985226931295358,0.3905253372419608,0.3786249470053207,0.3628215224197646,0.34506658065975415
0.24441382543552237,0.2625107697977924,0.2801896727760962,0.2970324929864887,0.313039230429105,0.33147430122566135,0.34070362114280783,0.3507876302980293,0.36975160655643435,0.38398118140919735,0.39695017776543295,0.4067865735091232,0.41266489786715965,0.4154721797724079,0.41524490207228126,0.41118067887220633,0.4026820788974277,0.39030459083597435,0.3740482146879742,0.3558523944967007
0.2401531137255546,0.2609531276325967,0.28121025283707723,0.3003816006364346,0.3184671710308393,0.33882336629159937,0.34915122455094405,0.3607378860961319,0.38181452355211576,0.39732008234094707,0.41109614646244097,0.421268817883508,0.4270525358724484,0.4294375633074452,0.4283871411443769,0.423508326080011,0.4144732878855919,0.4015997617913811,0.3848877477975279,0.3662564898538534
0.2364913749006945,0.2599040666284367,0.28266179719302187,0.30410960543130017,0.3242474913433995,0.3464025505119892,0.3581406117064745,0.3713981518223193,0.39424665547380755,0.41086035997844306,0.42526063183668583,0.4356116135226671,0.44118429459796715,0.4430497535101807,0.4411161439732325,0.4353861040617204,0.425785569681139,0.41240263110494624,0.3952372883332913,0.3761807434639053
0.23352747591926715,0.25942400133104826,0.2845701734776398,0.3082156390938735,0.3303603981798773,0.35418176737299945,0.3676481168582484,0.38274773707951937,0.4070204669744868,0.4245741718190672,0.4394153103138976,0.44978619205257786,0.45503031431848484,0.4562745248143827,0.45339443048445816,0.44677057383508867,0.43656199530136774,0.42263833520961214,0.40499959355994974,0.3855033111313446
0.23125629303621054,0.2595051423557493,0.2869238069616671,0.31268210214033587,0.33678002789190487,0.36213923729941655,0.37760642306118797,0.39468789321404785,0.4200646271414641,0.4384017209505586,0.45351679707964365,0.4637668921864204,0.46858170047933356,0.46911845472502733,0.4652399040954478,0.4576838852469223,0.44682169363139224,0.43231719929391943,0.41417040223463175,0.39420245381443664
0.22966939313662493,0.26013860572690106,0.28971186194178955,0.3174932054059525,0.3434826361195462,0.3702555369992808,0.3879476055400488,0.4071164190958072,0.43330401228971027,0.45227769539012286,0.4675144248623795,0.47751821971097996,0.4818164135038856,0.4815726082172347,0.47665476880268187,0.4681357077176074,0.4565778953560127,0.4414530852381162,0.4227612773640388,0.40228597061185667
0.22875834310591614,0.26131550746894305,0.29292350271470724,0.3226331597259673,0.3504444785028866,0.3785112431806468,0.39860373951962913,0.4199311135946715,0.44666349873411804,0.46613678315496543,0.4813575264072796,0.49100468697031374,0.49471244239525447,0.4936280802883317,0.4876412279685738,0.47813564961141,0.4658436652435043,0.45005954971288986,0.4307833030196875,0.40976099074519823
0.22851470982922706,0.263026963606265,0.2965478935771273,0.3280861759356526,0.35764181068196876,0.3868869325515192,0.4095069002246703,0.4330297755804935,0.4600679627896085,0.47991367226238424,0.49499543445951844,0.5041908063083582,0.5072477761565395,0.5052759659355104,0.49820148495542327,0.4876933192926458,0.4746320680622702,0.45815014938909826,0.4382475632732721,0.4166346434361259
0.22893006019160111,0.2652640901631287,0.3005741988256716,0.3338364648702381,0.365050888296949,0.3953631818200094,0.4205891628799421,0.44631020392316145,0.47344228077112405,0.4935430507295564,0.5083774817642563,0.5170410900692133,0.5194004037908542,0.5165073601560266,0.5083377431255869,0.49681832512554536,0.4829561685805501,0.4657384409374288,0.44516514219635184,0.4229140579062971
0.22999596107846543,0.2680180031640873,0.30499158275711835,0.33986823736496774,0.3726479669877776,0.4039205676940938,0.4317826027102072,0.459670197492585,0.48671132899359293,0.5069596065736803,0.5214530010666465,0.5295200505968438,0.5311483143012978,0.5273133579471434,0.5180522058414923,0.5055202754744528,0.4908290315666761,0.47283798102864694,0.45154712386052154,0.4286063633773409
0.23170397937494158,0.2712798186334311,0.3097892096680894,0.3461657042550854,0.38040930239455406,0.41253966688180554,0.4430192949402638,0.4730075551586097,0.49979998377193624,0.520098027812061,0.5341713251118705,0.5415922002352644,0.542469496690984,0.537685054306138,0.5273470764654391,0.5138087787036056,0.49826372178898026,0.47946232633352537,0.4574045923374115,0.43371868907095745
0.23404568196613695,0.27504065259550003,0.31495624385527776,0.35271307637587057,0.38831115015739925,0.4212010560912347,0.45423131479486045,0.4862200757911168,0.5126331214210609,0.5328930024618757,0.5464817866450815,0.553222051328504,0.5533419399630475,0.547613544230245,0.536224558359855,0.5216934431773552,0.5052733040157307,0.4856250335227159,0.46274863169846725,0.4382581642085981
0.23701263573734366,0.279291621074762,0.3204818496154118,0.35949456456256,0.39632976591636293,0.42988531203040026,0.46535073749875266,0.49920555825998747,0.5251356182559093,0.5452792185403581,0.5583337184114541,0.5643741162205771,0.5637436331205521,0.557089922716699,0.544686854887054,0.5291838772599604,0.511870843015295,0.49133965926706225,0.4675903260154044,0.44223191801201267
0.24059640757381118,0.28402384009557125,0.3263551912451561,0.3664943796504119,0.404441405311438,0.4385730114072999,0.4763096382767458,0.5118618014351028,0.5372323505913883,0.557191364064721,0.5696764531561556,0.5750129072555197,0.5736525651666398,0.5661052847627488,0.5527361694093997,0.5362896893156872,0.5180694035559554,0.4966197602373015,0.47194075935983903,0.44564707970297235
0.24478856436062557,0.2892284256822748,0.33256543304118225,0.37369673247464164,0.4126223239828093,0.4472447309300591,0.48704009235357404,0.5240866041863512,0.5488481947424191,0.5685641270522126,0.5804593236243534,0.5851029367772895,0.5830467251044098,0.574650725365693,0.5603747052892487,0.5430204877088229,0.52388205040603,0.501478893104121,0.47581101580323093,0.44851077850285037
0.2495806729831287,0.29489649385931216,0.3391017393002187,0.38108583387055006,0.4208487775704626,0.4558810473066188,0.49747417495402146,0.5357777653835996,0.5599080270239583,0.5793321955200597,0.5906316625612007,0.5946087171299652,0.5919041019369757,0.5827173395227376,0.5676046658889788,0.5493858808036833,0.5293218483338435,0.505930614538336,0.47921217941729566,0.45083014363351737
0.2549643003263711,0.3010191606510233,0.3459532743189442,0.38864589467336685,0.42909702171444053,0.4644625372450406,0.5075439613028436,0.5468330838967006,0.5703367237508985,0.589430257485489,0.6001428027118862,0.6034947606575258,0.6002026846674227,0.5902962222311743,0.5744282545709396,0.555395476964506,0.5344018621077211,0.509988481210705,0.4821553342736138,0.4526123043164887
0.26093101327565904,0.30758754208181927,0.3531092023940161,0.3963611257183217,0.4373433120548711,0.4729697774533719,0.5171815266248245,0.5571503585955924,0.5800591612381822,0.5987930009657134,0.6089420768215419,0.611725579703986,0.6079204622988925,0.597378468488202,0.5808476746974875,0.5610588845556421,0.5391351564959521,0.5136660497919294,0.48465156444372326,0.4538643897734076
0.2674723787161426,0.31459275417603294,0.3605586878221416,0.4042157378407012,0.44556390423183245,0.4813833446397098,0.5263189461447411,0.5666273883500921,0.5890002158007093,0.6073551139779738,0.6169788176353634,0.6192656866133746,0.6150354238344704,0.6039551732911264,0.5868651296310219,0.5663857119413294,0.5435347962668402,0.5169768769527536,0.48671195399921885,0.45459352922593865
0.27454726428643994,0.3220046491081021,0.36828027364822447,0.41219237762525296,0.4537409610393368,0.48969214694336927,0.5349069776472533,0.5751863530572194,0.5971017908322693,0.6150643323526808,0.6242110876207363,0.6260844771591323,0.6215275577393413,0.6100176615666655,0.592482200103575,0.5713846284051485,0.5476130417735092,0.5199344015937442,0.4883487078660096,0.45480948736429383
0.2820589369492623,0.32975044967553657,0.3762238627742249,0.4202610766177415,0.461862091206207,0.49789256744995214,0.5429653431878876,0.5828635615479456,0.6043942153455362,0.6219492076944917,0.6306636385940294,0.632200039682516,0.6274065416626797,0.6155697902367478,0.5976986493580512,0.5760548278937492,0.5513735251421679,0.5225502723516797,0.4895850695224695,0.4545488916739089
0.28993596226956697,0.337769576776374,0.3843405736760275,0.42838633536138104,0.4699068618325697,0.5059673576614898,0.5505216860875066,0.5897250287955629,0.6109350173452484,0.6280690162886842,0.6363918669760906,0.6376574973802249,0.6327024032896276,0.6206270348944187,0.6025154393048808,0.5803901524090946,0.5548146807888727,0.5248347452143847,0.4904503456857796,0.45386371418010896
0.2981073314234308,0.34600173321467764,0.39258166853466747,0.4365326709121575,0.4778547403472615,0.5138989370469105,0.5576032449552812,0.5958365337822613,0.616781624970308,0.6334830747112505,0.641451339313214,0.6425022501630053,0.6374455044247256,0.6252051768605611,0.6069336507749554,0.5843843946979561,0.5579348750177502,0.5267980394983738,0.4909738881399832,0.45280607886211754
0.3065020355872292,0.3543866217947098,0.40089840953129396,0.44466460032608524,0.48568519417923284,0.5216697250752631,0.5642372584003965,0.6012638554901883,0.6219914663595674,0.6382506995381547,0.6458976221516934,0.6467796979416605,0.6416662068725145,0.6293199974559798,0.6109543645992801,0.5880313475072967,0.5607324741328981,0.5284503745200624,0.49118504866893176,0.45142810969864655
0.3150490659370604,0.3628639453205551,0.40924205884697074,0.4527466406591927,0.49337769075736304,0.5292621412154475,0.5704509650319665,0.6060727729015127,0.626621969651886,0.642431207345382,0.6497862820378657,0.6505352406269367,0.6453948724375707,0.6329872780016217,0.61457866160886,0.5913248035839658,0.5632058444384143,0.5298019695958942,0.4911131790565406,0.44978193066878447
0.3236774136492784,0.37137340659646156,0.41756387866279,0.4607433089674231,0.5009116975104817,0.5366586049364557,0.5762716034591833,0.610329064998389,0.6307305629861588,0.6460839147089033,0.6531728855180177,0.6538142781296088,0.6486618629243992,0.6362227998183059,0.6178076226346505,0.5942585556748412,0.5653533522383682,0.5308630440422704,0.49078763108668255,0.4479196657513569
0.3323160699000596,0.37985470842654223,0.42581513115986525,0.46861912230684055,0.5082666818676103,0.5438415357073367,0.5817264122911681,0.6140985107629859,0.6343746745012524,0.6492681382046968,0.6561129991384647,0.6566622103604445,0.6514975401375978,0.6390423442269011,0.6206423285075786,0.5968263965267795,0.5671733638368792,0.5316438171757056,0.49023775654339374,0.44589343892550914
0.3408940258655804,0.3882475536149599,0.4339470785192674,0.4763385977334309,0.5154221112575996,0.550793352997033,0.5868426301371343,0.6174468891774438,0.6376117323360262,0.6520431944087548,0.6586621894454936,0.6591244372302114,0.6539322658816502,0.6414616925482619,0.6230838600586708,0.599022118886694,0.5686642455380735,0.5321545083126296,0.4894929072104901,0.44375537417001
0.34934027272222323,0.39649164496594835,0.44191098292212416,0.48386625230319424,0.5223574531093007,0.5574964762745012,0.5916474956061961,0.6204399792239599,0.640499164629361,0.6544683998970342,0.6608760229854127,0.6612463586496702,0.6559964019611684,0.6434966261032642,0.6251332981188753,0.6008395155014199,0.5698243636459779,0.532405336769429,0.48858243487190833,0.44155759546389817
0.35758380164615033,0.4045266852836349,0.44965810654951355,0.4911666030721449,0.529052174851671,0.5639333250087475,0.5961682473075385,0.6231435598846886,0.6430943995201233,0.6566030712455273,0.6628100663045444,0.6630733745295885,0.6577203101806646,0.6451629262127625,0.6267917235191902,0.602272379117899,0.5706520844647542,0.5324065218626046,0.4875356913115638,0.43935222678607033
0.3655536038134741,0.41229237737215385,0.45713971158252065,0.49820416709629,0.5354857439135969,0.5700863186687428,0.6004321238502826,0.6256234101417633,0.6454548651472152,0.6585065250302193,0.6645198859491686,0.6646508847807624,0.6591343523447222,0.6464763741976327,0.6280602170905141,0.6033145024828954,0.5711457742984436,0.5321682829085432,0.48638202831337196,0.43719139211559366
0.37317867040055575,0.41972842403569643,0.46430706020224477,0.5049434614316084,0.5416376277239507,0.5759378767234864,0.6044663638436347,0.627945308977381,0.6476379896494819,0.66023807782706,0.6660610484655933,0.6660242893139241,0.6602688902578322,0.6474527513787223,0.6289398596638875,0.6039596783433865,0.5713037994512007,0.5317008392237739,0.48515079766129077,0.4351272154312653
0.38038799258365685,0.42677452807847516,0.47111141458980654,0.5113490031341499,0.5474872937116615,0.5814704186419206,0.6082982058967303,0.6301750353736892,0.649701201165783,0.661857046212063,0.6674891204001341,0.6672389880398555,0.6611542857246064,0.6481078390768857,0.6294317320702874,0.6042016994462784,0.571124526227095,0.5310144101246692,0.4838713511391717,0.43321182071213116
0.38711056153893253,0.43337039230458885,0.4775040369262413,0.5173853092598648,0.5530142093056298,0.5866663638930802,0.6119548886187189,0.6323783683128354,0.6517019278350276,0.6634227467611993,0.6688596682990848,0.6683403808693242,0.661820900549543,0.6484574186129919,0.6295369151406263,0.6040343585383141,0.5706063209302101,0.5301192149277227,0.48257304053103667,0.43149733193725126
0.3932754066968158,0.4394557456593233,0.4834362043898466,0.5230169026563871,0.5581978404590799,0.5915081265152153,0.6154636416773158,0.6346210738728217,0.6536975854957561,0.6649944889158803,0.670228257216607,0.6693738690441862,0.662299097807562,0.6485172716824295,0.6292564897180313,0.6034514483664992,0.5697475498646867,0.5290254729493427,0.4812852176206377,0.43003587308524516
0.39885190942776916,0.4450015858499725,0.4888816363262265,0.5282224349105817,0.5630239816031732,0.5959806076797634,0.6188407471505641,0.6369472590408236,0.6557260340676976,0.6666122657082809,0.6716330252284877,0.6703713813946166,0.6626112402113762,0.6483000412310247,0.6285929818170075,0.6024509025380951,0.5685505099874604,0.5277452774545424,0.4800352049395116,0.4288727124334599
0.40387301393219843,0.4500340425448499,0.4938600088208105,0.5330158504233822,0.5675015673526929,0.6000930009513326,0.6220849892260176,0.6393469960122218,0.6577798634294041,0.668266981736231,0.6730622680887564,0.671326558401951,0.662765388445564,0.6478254658786113,0.6275769605765191,0.6010685196539214,0.5670475686034848,0.5263019497202492,0.47883166300437097,0.42799904237217845
0.40836655037072234,0.454577840199029,0.49839277522310965,0.5374150006386742,0.5716445164458719,0.603863645022507,0.6251963242332863,0.6418036551390429,0.6598477786493078,0.6699444490193116,0.6744977015185682,0.6722299351753804,0.6627755612493829,0.6471266477283706,0.6262588991820763,0.5993614884233267,0.5652864015981294,0.5247230372031737,0.4776713952386018,0.4273756144892076
0.4123603457975733,0.45865770053460864,0.5025013865899695,0.541437735281967,0.5754667466107577,0.6073108783123118,0.628174705056729,0.6443006027392784,0.6619184849945299,0.6716304888381259,0.6759210562736371,0.6730721082253268,0.6626559303601738,0.6462369112532116,0.6246895290621524,0.5973872340608608,0.5633148323635453,0.5230360937976712,0.47655101836338076,0.42696277449485365
0.4158822272675593,0.4622983452739575,0.5062072939783917,0.5451019040788907,0.5789821755755966,0.6104530392398999,0.6310200845806975,0.6468212051309337,0.6639806877322272,0.673310922473334,0.6773140631096695,0.6738436740621694,0.6624206675153204,0.6451895809260861,0.6229195816453625,0.5952031817812156,0.561180684291827,0.521268673397941,0.4754671490997282,0.42672086809935195
0.4189600218348275,0.4655244961390963,0.5095319484451934,0.5484253567549686,0.5822047210685497,0.613308466224403,0.6337324156895363,0.6493488286319931,0.666023092129528,0.674971571205532,0.6786584527823791,0.6745352291963229,0.6620839444521494,0.6440179812199034,0.6209997883602654,0.5928667567990402,0.5589317807751257,0.5194483298982959,0.47441640416872133,0.42661024101276723
0.4216215565540935,0.46836087485237954,0.5124968010473765,0.5514259430358024,0.5851483008177922,0.615895497684896,0.6363116512675617,0.6518668395604408,0.668034403453575,0.6765982563153656,0.6799359560475011,0.675137370138259,0.6616599329080515,0.6427554366075867,0.6189808806354762,0.5904353843289982,0.5566159452055075,0.5176026171929493,0.4733954002913947,0.4265912389453348
0.4238946584797958,0.47083220313597707,0.5151233028418218,0.5541215126469368,0.5878268325514853,0.6182324720404893,0.6387577441991539,0.6543586042343108,0.6700033269715107,0.6781767990834311,0.6811283036606994,0.675640693398293,0.6611628046203322,0.6414352715621447,0.6169135898994398,0.5879664895855683,0.5542810009751378,0.5157590891761714,0.4724007541888682,0.4266242076074036
0.42580715466623076,0.4729632027120729,0.5174329048854673,0.5565299153139875,0.5902542339977757,0.6203377277102646,0.6410706473686574,0.6568074889715803,0.6719185679504847,0.6796930207903813,0.6822172263777446,0.6760357954869107,0.6606067313263537,0.6400908105564156,0.6148486475808568,0.585517497783556,0.5519747714761394,0.5139452997423035,0.47142908258224736,0.42666949270908106
0.4273868721680927,0.4747785953029364,0.5194470582352437,0.5586690007625066,0.5924444228848813,0.6222296031133681,0.6432503136603955,0.6591968600902547,0.6737688316576111,0.6811327427167839,0.6831844549543007,0.6763132729145127,0.6600058847635069,0.6387553780633937,0.6128367851083141,0.5831458341375679,0.5497450801005925,0.5121888027855448,0.47047700219258104,0.4266874399606877
0.42866163803967794,0.47630310263067344,0.5211872139480107,0.56055661871806,0.5944113169409704,0.6239264366688957,0.6452966959587343,0.6615100839083112,0.6755428233600469,0.6824817861433274,0.6840117201461169,0.6764637221914853,0.6593744366691254,0.6374622985559881,0.6109287339102139,0.5809089238621397,0.5476397502406201,0.5105171522001655,0.4695411297409322,0.4266383950723167
0.42965927933544634,0.4775614464174893,0.5226748230807061,0.562210618906235,0.5961688338942253,0.6254465667959508,0.6472097471479898,0.6637305267437625,0.6772292483249345,0.683725972350615,0.6846807527088856,0.6764777398282291,0.6587265587805433,0.636244896507165,0.6091752254152567,0.5788641921719773,0.5457066052883732,0.50895790188045,0.4686180819483923,0.426482703754246
0.43040762311006375,0.47857834838573865,0.5239313366902891,0.5636488510525908,0.5977308914727999,0.6268083319136579,0.6489894201125281,0.6658415549146071,0.6788168118194164,0.68485112261925,0.6851732833983277,0.6763459223352015,0.6580764228351512,0.635136496389805,0.6076269910520153,0.5770690642817442,0.5439934686359322,0.5075386057206543,0.46770447553601,0.4261807117166825
0.4309344964177697,0.47937853025747756,0.5249782058336336,0.5648891648827004,0.5991114074048625,0.6280300704410777,0.6506356677366796,0.6678265347388361,0.6802942191106354,0.685843058229878,0.6854710429701356,0.6760588662227605,0.6574382005702972,0.6341704226769309,0.6063347622490056,0.5755809654060329,0.5425481636754768,0.5062868176150204,0.46679692722483423,0.42569276466981876
0.4312677263131519,0.47998671375497537,0.5258368815676917,0.5659494101221725,0.6003242994185527,0.6291301207972992,0.6521484429047888,0.6696688325344411,0.6816501754657196,0.6866876004631024,0.6855557621800443,0.6756071680013633,0.656826063723301,0.6333799998413809,0.6053492704348145,0.5744573207594641,0.5414185137990728,0.5052300914578609,0.4658920537360274,0.42497920832391856
0.4314351398507057,0.48042762060047295,0.5265288149493728,0.5668474364965448,0.6013834852421311,0.6301268214015039,0.6535276985012217,0.6713518146194133,0.6828733861517975,0.6873705705995548,0.6854091718720241,0.6749814367206142,0.6562542716231832,0.63279879546252,0.6047214545202166,0.5737553863262548,0.5406515656270443,0.5043943748014783,0.46498381384975573,0.4239965678349762
0.4314645640847914,0.4807259725160904,0.5270754570355649,0.5676010937313833,0.6023028826037375,0.6310377478356202,0.654773709248488,0.6728598022124288,0.6839529966615885,0.6878794601573901,0.6850197539325222,0.6741793186838834,0.6557357034889577,0.6324495426643324,0.6044826056942725,0.573506721332592,0.540264283887737,0.5037725263368316,0.4640314486800321,0.4226657109702643
0.4313838260699896,0.4809064912241112,0.5274982588832344,0.5682282315522968,0.6030964092314548,0.6318718326844817,0.6558901887955244,0.6741902405509848,0.6848864558939738,0.6882196320962777,0.6844131989866753,0.6732276789033307,0.6552702674769364,0.6323101237503579,0.604592385109683,0.573661785274922,0.5402084008364909,0.5033252099349284,0.46301221257033376,0.42098431197420894
0.43122075286069617,0.48099389844671236,0.5278186715492552,0.5687466996848372,0.6037779828535861,0.6326325374113253,0.6568829395986597,0.675349744726077,0.6856775356065441,0.6884069124592287,0.683629550738587,0.6721626914022778,0.6548541940541668,0.6323464716660396,0.6049899143540216,0.5741470649421245,0.5404188201881794,0.5030097924393573,0.46191998169577175,0.41898977945480453
0.43100317151127854,0.4810129159060281,0.5280581460905438,0.5691743478545703,0.6043615211982711,0.6333232368975814,0.6577577938758452,0.6763451013572848,0.6863301333033718,0.6884572527370665,0.6827089351163806,0.6710205562789326,0.6544836825628977,0.6325244310324081,0.6056141476645678,0.574888849472103,0.5408303157042269,0.5027836333309921,0.46074880235254057,0.4167198970714878
0.43075890907653047,0.4809882653244557,0.5282381335640736,0.5695290257870909,0.6048609419936923,0.6339473060245808,0.6585205838449184,0.6771830970642867,0.686848146488515,0.688386604420586,0.681691478048208,0.6698374736315884,0.65415493234552,0.6328098464704084,0.606404039278587,0.5758134280028031,0.5413776611459582,0.5026040920905075,0.45949272083664994,0.41421244848359606
0.4305157926105494,0.4809446684239873,0.5283800850266971,0.5698285832079506,0.605290162967961,0.6345081196737681,0.6591771417238164,0.6778705184666052,0.6872354726660461,0.6882109190005821,0.680617305462178,0.6686496435584246,0.6538641427442542,0.6331685626011279,0.6072985434333447,0.5768470896720288,0.5419956302746982,0.5024285281987204,0.45814578344429435,0.41150521735063705
0.43030164916807223,0.4809068469269846,0.5285054515353664,0.5700908698427298,0.6056631018492595,0.6350090527265166,0.6597332997304051,0.6784141521839189,0.6874960093400375,0.6879461479678213,0.6795265432864568,0.6674932661577628,0.6536075131014485,0.6335664240454832,0.6082366143660636,0.5779161236176549,0.5426189968517718,0.5022143011363198,0.45670203647145513,0.4086359873319054
0.4301443058034522,0.48089952255556057,0.528635684146991,0.570333735417023,0.6059936763658129,0.6354534800643137,0.6601948900826073,0.6788207848357786,0.6876336540145189,0.6876082428131554,0.6784593174491818,0.6664045415277826,0.6533812427593801,0.6339692754245192,0.6091572063138955,0.5789468189774993,0.5431825346386034,0.5019187703841936,0.45515552621446886,0.4056425420871079
0.4300715895711704,0.4809474170319987,0.5287922339185229,0.5705750296563963,0.6062958042457325,0.6358447765684758,0.6605677449983176,0.6790972030418345,0.6876523041935627,0.6872131550273508,0.6774557538785047,0.6654196697667629,0.6531815310603264,0.6343429613592377,0.6099992735142621,0.5798654648895365,0.5436210173964326,0.5014992954228887,0.45350029896904687,0.4025626652750276
0.4301113275256512,0.4810752520784405,0.5289965519068147,0.570832602286373,0.6065834032172859,0.6361863171205329,0.660857696695416,0.6792501934217086,0.687555857381227,0.6867768361012025,0.676555978502563,0.6645748509729259,0.6530045773466497,0.6346533264706409,0.6107017702042583,0.580598350491556,0.543869218886698,0.5009132357333215,0.4517304010315826,0.3994341405556554
0.43029134672147507,0.48130774941714094,0.5292700891688469,0.5711243030326045,0.6068703910085986,0.6364814766018583,0.6610705773918397,0.6792865425949799,0.6873482110815559,0.6863152375254913,0.6758001172494943,0.6639062852445647,0.6528465809606132,0.6348662153797306,0.6112036506212206,0.5810717649214894,0.5438619128707245,0.5001179507962092,0.4498398786980857,0.3962947515881581
0.4306394742130095,0.48166963077029834,0.5296342967615146,0.5714679816206143,0.6071706853477963,0.6367336298937971,0.6612122193054262,0.6792130371812561,0.68703326279865,0.6858443107910688,0.6752282960474645,0.6634501726798732,0.6527037412445225,0.6349474727075091,0.6114438690023292,0.581211997317169,0.5435338731098369,0.49907080009225524,0.4478227782645945,0.3931822820318729
0.4311835370547641,0.4821856178600825,0.5301106257417132,0.5718814877759968,0.607498203963047,0.6369461518777655,0.6612884546541267,0.6790364638001876,0.6866149100365533,0.6853800073886447,0.6748806408245542,0.6632427133771159,0.6525722575406832,0.6348629430749924,0.611361379584821,0.5809453368164128,0.5428198733654028,0.49772914310231897,0.44567314602733177,0.3901345155463787
0.43195136230116304,0.48288043240870593,0.530720527166352,0.5723826712242754,0.6078668645826184,0.637122417435279,0.6613051156558072,0.6787636090713391,0.6860970502993098,0.6849382788091134,0.6747972775089579,0.6633201042014889,0.6524482930847739,0.6345783900910931,0.6108950793317689,0.5801981374719105,0.5416549552158045,0.49605088308602774,0.4433859210826938,0.3871905141425884
0.4329707770067728,0.48377879613840946,0.5314854520924115,0.5729893816911158,0.6082905849346361,0.6372658049445619,0.6612679773297998,0.6784014778026801,0.6854841836148609,0.6845355580372825,0.6750120987204156,0.6637108074701388,0.6523304848656579,0.6340732556193416,0.6100067331460934,0.5789251809768956,0.540006554752722,0.4940285624659708,0.44099120411686954,0.3844241627365932
0.43427206382504835,0.48490647173548496,0.5324267399341949,0.5737187287095509,0.6087824380616951,0.6373843684012144,0.6611792441920556,0.6779568249935437,0.6847911961451558,0.6841852086227789,0.6755146280223698,0.6643994012355279,0.652231601150234,0.6333804731827684,0.6087404728065025,0.5771756506326824,0.5379267926983005,0.49171343493644315,0.4385355773473094,0.38187546984454457
0.4358881363979208,0.48628894817704804,0.5335634049006615,0.574585151513233,0.6093541880149189,0.6375047468750239,0.6610438290684755,0.6774296293204713,0.6840410664677705,0.6838912851943206,0.6762663703974141,0.6653438994004262,0.6521583758980967,0.6325402739198296,0.6071649823516481,0.5750337513843533,0.5354963154105548,0.4891694326909004,0.4360531032255608,0.37954205038739985
0.43780444699213206,0.48791421617697495,0.5348865047980809,0.575583832291656,0.6100061986578851,0.6376459472037652,0.6608729589792119,0.6768319802587826,0.6832586755104728,0.6836560482950631,0.6772245029496418,0.666496917203915,0.6521127494763874,0.631590293153991,0.6053504103267358,0.5725876474114244,0.5327987068876752,0.4864607509232428,0.4335737795182695,0.37741230039303275
0.43995910205019584,0.48973196993271984,0.5363574316396438,0.5766880809954387,0.6107239180002608,0.6378116083781862,0.6606790248628585,0.6761871659445831,0.6824694338463502,0.6834816344569532,0.6783458707958374,0.6678108138522134,0.652096563454549,0.6305681739735718,0.6033669341409507,0.5699255222763355,0.529917565835504,0.4836515850279568,0.43112757985392136,0.3754745624966773
0.44228740008570355,0.4916897011715662,0.5379359428455359,0.5778700656956772,0.6114920697221322,0.6380047049783855,0.660474492536764,0.6755189470864877,0.6816987500375973,0.6833701774223044,0.6795873187297587,0.6692379485514834,0.6521116594020242,0.6295115594668772,0.6012847312034779,0.5671355595414838,0.5269364909598124,0.48080613039959985,0.42874447786100234,0.37371717933321236
0.4447246396119482,0.4937349016207122,0.5395817958357725,0.5791019544633826,0.6122953775037132,0.6382282115845612,0.6602718278184341,0.6748510843931683,0.6809720326462241,0.6833238109334729,0.6809056915453766,0.670730680507873,0.652159878888213,0.6284580927222265,0.5991739789234174,0.5643059427692378,0.523939080966457,0.47798858243263,0.42645444716792724,0.37212849353780086
0.44720611914249275,0.4958150630074556,0.5412547480304823,0.5803559153696511,0.6131185650251041,0.6384851027767553,0.6600834965253455,0.6742073385733676,0.6803146902343684,0.6833446687326585,0.6822578340364203,0.672241368927601,0.652243063482544,0.6274454168279107,0.5971048547099969,0.5615248555220376,0.5210089345612516,0.4752631365216189,0.424287461403253,0.3706968477455206
0.44966713719067286,0.49787767705899455,0.5429145568497944,0.5816041164855648,0.6139463559664762,0.6387783531351516,0.6599219644749752,0.673611470335743,0.6797521313640829,0.6834348845622173,0.6836005909968037,0.673722373016787,0.6523630547544315,0.6265111748722489,0.5951475359722167,0.5588804813621664,0.5182296504500243,0.4726939880610814,0.42227349419547977,0.3694105845915203
0.4520429922701794,0.4998702355026836,0.5445209797138091,0.5828187258821771,0.6147634740079866,0.6391109372398347,0.6597996974847149,0.6730872403889236,0.6793097645974768,0.6835965921644487,0.684890807220313,0.6751260519816213,0.6525216942733181,0.6256930099435607,0.5933722001193331,0.5564610038520357,0.5156848273385322,0.47034533244541876,0.42044251917289444,0.36825804671069307
0.45426898289440487,0.5017402300657636,0.5460337740426411,0.5839719116305702,0.6155546428297214,0.6394858296709032,0.6597291613721126,0.6726584094415955,0.6790129984966171,0.683831925281666,0.6860853275008196,0.6764047650282663,0.6527208236086182,0.6250285651301226,0.591849024560517,0.5543546065541705,0.5134580639326742,0.46828136506927365,0.418824509964125,0.36722757673810236
0.45628040757668487,0.5034351524753902,0.5474126972563482,0.5850358418017834,0.6163045861118661,0.6399060050085126,0.6597228219545741,0.6723487382024871,0.6788872416236416,0.6841430176561261,0.6871409966321522,0.6775108713628981,0.6529622843297602,0.6245554835203109,0.5906481867048541,0.5526494730307974,0.5116329589382076,0.46656628132704725,0.4174494401975295,0.36630751730886857
0.45801256483076713,0.5049024944590315,0.5486175067751304,0.5859826844669271,0.6169980275345637,0.6403744378327758,0.6597931450495764,0.6721819873802133,0.6789579025405885,0.6845320030301849,0.6880146594081964,0.6783967301916931,0.6532479180061586,0.6243114082023311,0.5898398639615579,0.5514337868444841,0.510293111061003,0.4652642766133255,0.4163472835016506,0.3654862110579984
0.4594007531698594,0.5060897477437578,0.5496079600190029,0.5867846076970125,0.6176196907779712,0.6408941027238484,0.659952596474568,0.6721819176834885,0.6792503898095958,0.6850010151460566,0.6886631606226956,0.6790147007208134,0.6535795662072559,0.6243339822645879,0.5894942337397424,0.5507957315574572,0.5095221190068031,0.46443954632258055,0.41554801350496007,0.3647520006206548
0.4603802711075531,0.5069444040568669,0.5503438144080803,0.5874137795631498,0.6181542995222742,0.6414679742618574,0.6602136420470401,0.6723722898209559,0.6797901119926877,0.6855521877461257,0.6890433450696065,0.6793171421564352,0.6539590705024381,0.6246608487953438,0.5896814734485929,0.5508234907322418,0.5094035814815214,0.4641562858493131,0.4150816038358158,0.36409322863170246
0.46088641715749645,0.5074139551257417,0.5507848273625342,0.5878423681363785,0.6185865774474308,0.6420990270268163,0.6605887475844696,0.6727768645013441,0.6806024776520161,0.6861876545726204,0.689112057542701,0.6792564137047208,0.6543882724611336,0.6253296508829465,0.5904717604972234,0.5516052479311071,0.5100210971909007,0.4644786905880949,0.4149780281228459,0.3634982377263185
0.46085448983276933,0.5074458926775094,0.5508907563024366,0.5880425414878232,0.6189012482338399,0.6427902413448976,0.6610910188664576,0.673421231243708,0.6817157235222311,0.6869110108863481,0.6888301553857872,0.6787729813032541,0.6548174475803137,0.6262925652397655,0.5918280282094202,0.5531235094022549,0.5113803586401957,0.46544094510315404,0.41530526879127194,0.36307146109196253
0.46017208439376134,0.50696764702991,0.5506237783637857,0.588001047093158,0.6190994532181406,0.6435492931778128,0.6617416047450888,0.6742889896710693,0.683026045439945,0.6875403249895129,0.6879809588299821,0.6775827750759191,0.6548536133725946,0.6271158028106782,0.5933356694876863,0.5550309890782188,0.5132436579712447,0.4669591200582772,0.41617737533950105,0.36314702721784897
0.4588353951354236,0.5059650881965609,0.5499512730784488,0.5876504416018236,0.6190625937668415,0.6441398879120754,0.6622479640633685,0.6750024317799301,0.6840454433087615,0.6876276296826092,0.6862630894133446,0.6754835774470109,0.6542963888219617,0.6276321127715505,0.5948510004888732,0.5571982048644628,0.5154967218568771,0.46893308844073545,0.4175073046161941,0.3636504455874672
0.45707009928391074,0.5045044868515305,0.5487966766882693,0.5868044710632745,0.6185278699767309,0.6442388451487062,0.6623200470634174,0.6753057299263361,0.6845520073786986,0.6870758270999602,0.683748983907023,0.6726062316366637,0.6531918867112836,0.627819678905766,0.5962823162365964,0.5594896554250113,0.5180032578807499,0.4712507544571878,0.4192321451544956,0.36458048291225964
0.45484406245846287,0.5025525435055727,0.5471246283319999,0.5854239207170622,0.6174504206609157,0.6437816653508861,0.6618933284415789,0.6751220621096508,0.6844764291528662,0.6858847644777342,0.6805566222261064,0.6690918584482688,0.6515804085072006,0.6276483526067125,0.5975331680549232,0.5617675426873916,0.5206252155241771,0.47379998049092364,0.4212918375878161,0.36594224074977433
0.4521141043351804,0.5000724304592978,0.5449027596966545,0.5834770951604611,0.6157954368509451,0.6427143698071944,0.6609105050454502,0.674377558826663,0.6837498739713652,0.6840533828013662,0.6768032717331778,0.6650814041647806,0.6495022547113649,0.6270879852676927,0.5985071072680057,0.5638940685791027,0.5232245442684444,0.4764686289251898,0.4236263225495094,0.36774082065763025
0.44883704459032003,0.4970273200134159,0.5420987024693176,0.5809322989908452,0.6135281095781835,0.6409829798059832,0.659314273722643,0.6729983505741757,0.6823035071741685,0.6815806230562629,0.6726061997908488,0.6607158150690111,0.6469977258254431,0.6261084282821088,0.5991076851998685,0.5657314350275868,0.5256631935948235,0.47914456214320467,0.42617554067288665,0.36998132419319063
0.4449697029003232,0.49338038446865085,0.5386800883370313,0.5777578368055174,0.6106136298742371,0.638533516635917,0.6570473313207685,0.6709105678490062,0.6800684936189185,0.6784653545496155,0.6680818584645891,0.6561348419584476,0.6441074336845674,0.6246830783556163,0.5992446987355322,0.5671495780208744,0.5278123316619343,0.4817260825427496,0.4288908306635335,0.3726810774043088
0.4404692710882756,0.48909496528334273,0.5346145489868235,0.5739219117071173,0.6070170534443946,0.635311364647734,0.6540481788593127,0.6680375000278787,0.6769791729246606,0.674716082247869,0.6633411360452328,0.6514982560397442,0.6409735840169333,0.6229493075663868,0.599035023893066,0.5682351217729007,0.5297308612794893,0.4842405506539649,0.43176418989656895,0.3757948040732231
0.43534488715062025,0.48415425555521097,0.5298644829487245,0.5693764283200409,0.6026900916693165,0.631280711348623,0.6502853138899951,0.6643973236112259,0.6731562060845562,0.6705383079310678,0.6586354935073757,0.6470846429444919,0.637886555844517,0.621162849561415,0.5986641630105964,0.5691031418901815,0.5314774100869784,0.48668823399252403,0.4347356136069891,0.37920127107591384
0.4294481848140492,0.47847652655062234,0.5244121631672556,0.5641623895440233,0.5977272056810392,0.6266113183630324,0.6459468105248476,0.66020108483238,0.6688540109473422,0.6661493521183246,0.6541046708957055,0.6429682424784033,0.6348880312920215,0.6193337676966735,0.5981246583233855,0.5697381609988668,0.533032732828417,0.4890521810362003,0.43779650562241557,0.38290326839786815
0.4227989149774771,0.4721091464934375,0.5183288872046461,0.5583676463063227,0.592225423798638,0.6214048723031169,0.6411177882676924,0.6555243945223879,0.6641366072069417,0.6615732578173095,0.6497210416237635,0.639101605092435,0.6319496970693734,0.6174455379304362,0.5974105243193577,0.5701392434711607,0.534392454178942,0.4913193075594364,0.4409198036128572,0.38685712100274827
0.41551944362774407,0.46515571370103714,0.511700769984401,0.5520633986878352,0.5862435998115103,0.615713618223424,0.6358408034098915,0.6504099409820725,0.6590412759663593,0.6568198513051868,0.645452893065368,0.6354386761922655,0.6290457504072435,0.6154830100433344,0.5965160680257355,0.5703054579552571,0.5355522020207388,0.4934765293366752,0.4440784399032651,0.39101914209520316
0.40773213675207387,0.45771982649110043,0.5046139264302099,0.5453208467694424,0.5798405875089259,0.6095898011783873,0.6301584122427073,0.6449004125123139,0.653605298328543,0.6518989588591211,0.6412685125944506,0.631933401183602,0.6261503885363169,0.6134310338160276,0.5954355964697129,0.5702358730992785,0.536507604235922,0.4955107621423025,0.44724534681863304,0.3953456448799386
0.39955936033769035,0.44990508318123545,0.4971544714657341,0.5382111906320546,0.5730752406803532,0.6030856662226398,0.6241131710574166,0.6390384974139778,0.6478659553965542,0.6468204067562624,0.6371361875847725,0.6285397254720806,0.6232378086873354,0.6112744590292039,0.5941634166785121,0.5699295575513617,0.5372542887066629,0.4974089217508322,0.45039345668402575,0.3997929425617599
0.3911234803715047,0.441815082088965,0.48940852001460655,0.5308056303566104,0.566006413115133,0.5962534584106862,0.6177476361454239,0.6328668839879015,0.6418605282732841,0.6415940212738036,0.6330242054102513,0.6252115944634085,0.6202822080909556,0.6089981354634944,0.5926938356792846,0.5693855799596719,0.5377878833151755,0.4991579239366928,0.453495701824437,0.40431734834530175
0.3825468628406554,0.43355342153179777,0.4814621870004032,0.5231753660239491,0.5586929586026343,0.589145422797074,0.6111043637979492,0.6264282605349649,0.6356262980617942,0.6362296286888807,0.6289008534446907,0.6219029535632359,0.6172577839779052,0.606586912899516,0.5910211604992952,0.568603008972417,0.5381040159435173,0.5007446844742987,0.45652501456491734,0.4088751754354263
0.3739518737322527,0.42522369982732755,0.4734015873467996,0.5153915977150376,0.5511937309321979,0.5818138044362939,0.6042259103063827,0.6197653153560054,0.6292005458650038,0.6307370552787006,0.6247344190620225,0.6185677481772558,0.6141387335788409,0.6040256411179854,0.5891396981656669,0.567580913237606,0.538198314473874,0.5021561191380641,0.45945432723034685,0.41342273703665455
0.3654608790333498,0.41692951529316247,0.4653128359774428,0.5075255255107294,0.5435675838932355,0.5743108483829218,0.597154831961987,0.6129207367518887,0.6226205527859037,0.6251261273203852,0.6204931896360506,0.6151599237111327,0.6108992541244902,0.6012991698995762,0.5870437557056931,0.5663183614035177,0.5380664067884737,0.5033791437025172,0.46225657214584714,0.41791634635384867
0.3571962447311705,0.40877446624683955,0.4572820478159372,0.499648349491963,0.535873371275116,0.5666887996915051,0.5899336850560957,0.6059372130234806,0.6159235999274983,0.6194066710911272,0.6161454525406214,0.6116334255705311,0.6075135428455383,0.598392349024877,0.5847276401465393,0.5648144221182889,0.5377039207694168,0.5044006739420723,0.4649046816364546,0.4223123165917144
0.34928033681276816,0.40086215100593847,0.4493953377859299,0.4918312697396061,0.5281699468671803,0.5589999034165629,0.5826050258800137,0.5988574324716325,0.6091469683927642,0.6135885128680911,0.6116594951496523,0.6079421991611724,0.6039557969726701,0.5952900282745901,0.5821856585154421,0.5630681640300423,0.5371064842988318,0.5052076256311011,0.46737158802704926,0.42656696095485813
0.34183552126522443,0.3932961678880247,0.44173882081106797,0.4841454863346115,0.520516164458769,0.5512964046125859,0.5752114107250748,0.5917240833971817,0.6023279392846632,0.6076814789284555,0.6070036048369616,0.6040401457598108,0.600199970916421,0.591976723889104,0.5794120185854439,0.5610791459775726,0.5362712250914257,0.5057897672984097,0.46963477259870956,0.43064300944566014
0.3349841640756068,0.3861801152106352,0.43439861181492745,0.47666219935779,0.5129708778394217,0.5436305483342636,0.5677952046612518,0.5845779810420169,0.5954982724388174,0.6016873418940349,0.6021457723412453,0.5998985684806115,0.5962660995371607,0.5885270885665506,0.5765349955496504,0.5590139378351466,0.5353875213516801,0.5063490095059251,0.4718984022980237,0.43474174740904914
0.328882098116992,0.3796316907048123,0.4274591649317472,0.4694424024369397,0.5055814032205603,0.5360435546257492,0.5603946347371931,0.5774759158004059,0.5887587723772327,0.5957706414401542,0.5973377917451472,0.5958603857332321,0.5925666179043532,0.5853827821544257,0.573992737368215,0.5572692925245661,0.5347629481970415,0.507064317869748,0.47417340154285625,0.43868634221618663
0.32346229955842887,0.37363027625876555,0.42094971760559474,0.4625720882453521,0.4984973881781798,0.5287680577220613,0.5533403840591973,0.5708283720576759,0.5825706030609865,0.5904071187314059,0.5930255156259818,0.592293277616605,0.5893580633730551,0.5826903752053596,0.5718370961272115,0.5558349456281917,0.5343611590456447,0.5078987859636044,0.4764478263822127,0.4425025735511241
0.3183073843289179,0.3679557238526314,0.4148268650387479,0.45614360954964184,0.4919059573854412,0.5220369760732808,0.5468664548058229,0.5648319888634177,0.5770714019637211,0.585676043007922,0.5892407380717657,0.5891926179855886,0.586610956536731,0.580413696642438,0.5700355874722476,0.5546822576566228,0.534154978254179,0.5088287681801233,0.47870362743464057,0.4461790213534442
0.31340025116929837,0.3625954252976129,0.40908152842052914,0.450149489532663,0.4857993086341992,0.5158406674675717,0.5409575139260454,0.5594588502095377,0.5722253371586845,0.5815429452211731,0.5859565643352482,0.5865347511929713,0.5842977311589976,0.5785246889766569,0.5685617928965172,0.5537864839454869,0.534120285629399,0.5098307768895438,0.4809179577261631,0.44969348335101245
0.308734376324324,0.3575426398406307,0.4037063284871749,0.4445808673941798,0.4801662565618159,0.5101656144221351,0.5355948578239662,0.5546788401943559,0.5679960309922052,0.5779737461238881,0.5831464873201924,0.584296123019584,0.5823908215143092,0.5769952947189978,0.5673892938931431,0.5531228798303829,0.5342329609781444,0.5108813244622326,0.4830679702828178,0.45302375727165156
0.3043032360383364,0.35279062672849193,0.3986938859749358,0.4394288823339565,0.4749956158057671,0.5049982994542574,0.5307597829037576,0.5504618429164339,0.56434710581064,0.5749343664686393,0.5807839999304178,0.5824531792462864,0.5808626618770347,0.5757974563804424,0.566491671955049,0.5526667006467534,0.5344688841073122,0.5119569232686132,0.48513081813084113,0.45614764084352544
0.30010030655611786,0.3483326452081599,0.3940368216200767,0.43468467355175733,0.4702762010033581,0.5003252050810403,0.526433585569535,0.5467777424741485,0.5612421839603599,0.5723907270081696,0.5788425950697018,0.5809823656539237,0.5796856865216142,0.5749031164719867,0.5658425085754146,0.5523932017301973,0.5348039348236284,0.5130340856789104,0.48708365429624223,0.45904293179457056
0.2961190641223226,0.3441619545265979,0.389727756158905,0.4303393802473181,0.46599682679205046,0.4961328138198269,0.522597562225485,0.5435964229659049,0.5586448877876649,0.5703087484951652,0.577295765641793,0.5798601280232845,0.5788323297224309,0.5742842175045837,0.5654153852473058,0.5522776384163279,0.5352139929340609,0.5140893240636046,0.48890363180515806,0.46168742785273764
0.2923529849813775,0.34027181393051364,0.3857593103275718,0.4263841416204315,0.4621463078092489,0.49240760818778995,0.5192330092757658,0.5408877684901938,0.5565188396389118,0.5686543516822269,0.5761170045504826,0.5790629121352708,0.5782750257538822,0.5739127019892436,0.5651838834638454,0.552295266040673,0.5356749382453643,0.5150991507929632,0.4905679036836119,0.4640589267457642
0.2887955453779796,0.33665548266695566,0.3821241048623989,0.42281009687081905,0.45871345869235824,0.48913607070220166,0.5163212231244643,0.538621663145392,0.5548276618604859,0.5673934573220833,0.5752798046995906,0.5785671637706713,0.5779862088904082,0.5737605124369907,0.5651215847180566,0.5524213399387747,0.5361626505643784,0.5160400782373245,0.4920536229577692,0.46613522620195624
0.28544022155679727,0.3333062199828021,0.3788147604996652,0.4196083851982735,0.45568709407876895,0.48630468388023473,0.5138435001757813,0.5367679910299898,0.5535349767987015,0.5664919861673781,0.5747576589928229,0.5783493287103596,0.5779383134064062,0.5737995913587213,0.5652020705029912,0.5526311154461752,0.5366530096979716,0.5168886187670836,0.4933379426537243,0.46789412394913654
0.2822804897622291,0.33021728512487414,0.3758238979756072,0.4167701458025448,0.4530560286058858,0.48389993023916134,0.5117811368338323,0.5352966362423786,0.5526044067999436,0.5659158589707971,0.5745240603340136,0.5783858527351526,0.578103773576288,0.5740018812655165,0.5653989223118572,0.5528998478985443,0.5371218954529837,0.5176212847525647,0.49439801579750053,0.4693134177151279
0.27930982623912826,0.32738193734016363,0.3731441380264613,0.4142865178833688,0.45080907691108507,0.4819082922961542,0.5101154295027754,0.534177482881006,0.5519995742105124,0.5656309964849981,0.5745525016269255,0.5786531816258957,0.578455023674465,0.5743393246682871,0.5656857216376068,0.5532027926313106,0.5375451876362121,0.5182145885641631,0.4952109954153485,0.47037090522812264
0.27652170723197855,0.3247934358754776,0.37076810138850647,0.41214864064058077,0.4489350536318426,0.4803162525684854,0.5088276745867546,0.5333804150443058,0.5516841013767646,0.5656033194626673,0.5748164757753642,0.5791277611634058,0.5789644979753206,0.5747838640780571,0.5660360499734054,0.5535152049801155,0.5378987660544965,0.5186450425721318,0.4957540345331921,0.4710443842159435
0.27390960898517847,0.3224450399776799,0.36868840879797915,0.4103476532738455,0.4474227734055063,0.47911029357339885,0.5078991684899421,0.5328753168306974,0.5516216106450571,0.5657987486564622,0.5752894756830784,0.5797860371285708,0.5796046307532663,0.5753074420057942,0.566423488812319,0.5538123402804871,0.5381585105147195,0.5188891591469371,0.496004286177282,0.47131165240666917
0.2714670077436665,0.32033000889380503,0.36689768099114417,0.4088746949829698,0.44626105086948087,0.47827689782805294,0.5073112076164534,0.5326320723386431,0.5517757243617609,0.5661832048190689,0.5759449942538595,0.5806044553021792,0.5803478562827422,0.5758820009624941,0.5668216196473566,0.5540694538679531,0.5383003008236642,0.5189234506588178,0.4959389033735988,0.47115050752819343
0.2691873797517843,0.3184416018706031,0.3653885387042948,0.4077209049677464,0.4454387006611853,0.47780254784970566,0.5070450883704609,0.5326205656666048,0.552110064873176,0.566722608703131,0.5767565243914987,0.5815594614650621,0.5811666088381173,0.5764794834591527,0.5672040239716978,0.5542618010781553,0.5383000167882273,0.5187244294782118,0.49553503914827957,0.47053874730839595
0.2670642012543567,0.31677307815509437,0.36415360267365315,0.4068774224278826,0.44494453741792483,0.4776737261555013,0.5070821071560658,0.5328106809129025,0.5525882545256877,0.5673829041163287,0.5776976589453255,0.5826275776259422,0.5820330979358204,0.5770712717944377,0.5675435837427614,0.5543640116490849,0.5381332054057424,0.5182687485716855,0.4947706411471273,0.46945570842734696
0.2650903265567308,0.31531741429449767,0.36318549363548414,0.40633555618292405,0.44476760193697373,0.4778781288452194,0.5074073766038225,0.5331781160770248,0.5531761325724318,0.5681185429165936,0.5787019988578805,0.5837115669157669,0.5828175728428135,0.5775071769502489,0.5676852220651512,0.5542411980362374,0.5377142382934892,0.5175432192811655,0.49372814099943696,0.46809103308302724
0.26320307225647355,0.3140476701825179,0.36248421576286205,0.406104656651749,0.44490899284932084,0.4783861526442479,0.5079420111108988,0.5335752582679163,0.5536431012684346,0.5686241831698737,0.5794075502483764,0.5844354300404717,0.5831813641921855,0.5775173519763115,0.5674472142821401,0.5537942431511169,0.5370139021311502,0.516587365593935,0.4925146335396562,0.4666188037268739
0.26164362050809586,0.31305390262109256,0.36200050966955644,0.4060197665889689,0.4451116733794862,0.4788624143952376,0.5083059567910624,0.5336213901414624,0.5536396073520393,0.5686173014022131,0.5796137118158526,0.5846886279925059,0.5830993639554265,0.5771304857610744,0.5668797141911455,0.5530791571987947,0.5360865879569161,0.5154404837107762,0.491140844460503,0.4650144377081489
0.2605211134697356,0.31235253476233993,0.36167114115374943,0.4059641177427409,0.4452314645294564,0.47916664232381834,0.508401865810896,0.5332816204543889,0.5531817349042001,0.568145973807475,0.5793753457667208,0.5845240535736309,0.5826259169587331,0.5763968518471358,0.5660258479259994,0.5521334609948383,0.5349680007574307,0.514137252836008,0.4896412172307407,0.463312537783537
0.25980597263497884,0.31192591778443557,0.3614902708557679,0.40594343977086567,0.4452854245298994,0.4793243711528845,0.5082702537014399,0.532617869968476,0.5523405865758804,0.5672790967664412,0.5787481375590886,0.5839883288179806,0.5818099191926791,0.5753644348187805,0.56492835531742,0.5509946734741078,0.5336938441088108,0.512712352173935,0.4880501976696934,0.46154771188079735
0.2594682751434334,0.31175632041396284,0.36145220209802176,0.40596375660915385,0.445290983947487,0.479361538925815,0.5079518889499468,0.5316920447081657,0.5511871790166651,0.5660855415219572,0.5777877726511491,0.5831280757595323,0.5807002666477814,0.5740812192603499,0.5636299761962107,0.5497003135716625,0.532299821587273,0.511200460929004,0.486402231597026,0.4597545679282149
0.25947809813406764,0.31182601137703614,0.36155123820256563,0.4060310921932029,0.4452655733491042,0.4793040836862019,0.5074875400436127,0.5305660506980843,0.5497925288762389,0.5646341793167693,0.5765499365011237,0.581989916432434,0.5793458553145854,0.5725951897561004,0.5621734503930753,0.5482879002223626,0.5308216367689198,0.5096362583053917,0.48473176483200575,0.45796771385371926
0.2598055187464041,0.31211725940028145,0.36178168249182363,0.40615147045876654,0.4452266233012523,0.4791779434772252,0.5069179754697046,0.5293017939627731,0.5482276528042718,0.5629938813936661,0.5750903145671202,0.5806204728706916,0.5777955811836364,0.5709543308904301,0.5606015177388741,0.546794952361239,0.5292949932299535,0.5080544235075024,0.4830732431940987,0.4562217575852401
0.26042061411972384,0.3126123332099695,0.3621378382879783,0.40633091534152754,0.44519156437077356,0.4790090563424343,0.50628396371539,0.5279611805268161,0.5465635674504767,0.5612335189954507,0.5734645923073458,0.579066367108382,0.5760983402454372,0.5692066272475671,0.558956918064311,0.5452589889232229,0.5277555945465338,0.5064896357396407,0.4814611125027284,0.4545513070508065
0.2612934613933362,0.31329350153255575,0.36261400891334006,0.40657545077719703,0.44517782712433984,0.4788233603251797,0.5056262732678931,0.526606116414726,0.544871289464453,0.5594219633648834,0.5717284551800219,0.5773742211796531,0.5743030284905757,0.5674000634118528,0.5572823912001184,0.5437175288432314,0.52623914429482,0.5049765742061538,0.47992981857740347,0.4529909701786039
0.2623941377065364,0.3141430330944388,0.3632044976901767,0.4068911007015146,0.4452028421286087,0.4786467934688119,0.5049856726144526,0.5252985076510726,0.5432218354959275,0.5576280857447813,0.5699375886432563,0.5755906571184823,0.5724585419095547,0.5655826239676287,0.5556206769770853,0.5422080910561959,0.5247813460509718,0.5035499181113607,0.478513807237519,0.45157535489650513
0.2636927201986339,0.3151431966220173,0.3639036079407276,0.40728388905012025,0.44528403995040833,0.4785052938168519,0.5044029302422359,0.524100260260397,0.541686222194599,0.5559207573779332,0.5681476781552419,0.5737622969589893,0.570613776492948,0.5638022934991795,0.554014515226001,0.540768194497133,0.5234179033911772,0.5022443466595803,0.47724752430245587,0.4503390691325819
0.2651592860090659,0.3162762608416756,0.3647056429872748,0.40775983975879626,0.4454388511563536,0.47842479941262184,0.5039188146385101,0.5230732802672691,0.540335466210081,0.5543688495071137,0.5664144091742145,0.5719357627352508,0.568817628231244,0.5621070565908042,0.5525066457775551,0.539435358100917,0.5221845198915673,0.5010945390551029,0.47616541559170855,0.4493167208148776
0.26676391227692875,0.31752449447981235,0.3656049061520861,0.40832497676315427,0.44568470631318746,0.4784312482995574,0.5035740942904852,0.5222794736962868,0.539240584192072,0.5530412333751116,0.5647934671582817,0.570157676481287,0.5671189931149883,0.5605448978268299,0.5511398084626364,0.5382471008026215,0.5211168991283728,0.5001351745023612,0.47530192692472895,0.4485429178712792
0.2684766761417592,0.31887016626284037,0.3665957007574008,0.40898532399894805,0.4460390359876385,0.47855057852103755,0.5034095376853429,0.521780746571963,0.5384725919744255,0.5520067515344778,0.5633405716782107,0.5684747998759292,0.5655668869042927,0.5591637248060835,0.5499564711816731,0.5372405267120826,0.5202500892597897,0.49939999164560334,0.4746902338697083,0.44805064601295896
0.27026818874362846,0.32029578288312166,0.3676723228507086,0.40974675447449727,0.4465190777547008,0.47880862408743496,0.5034657072881714,0.5216382760405622,0.538102065962434,0.5513354914591702,0.562122258901482,0.5669500688387217,0.5642193502405917,0.5580119848069245,0.5489929944537124,0.5364419534787004,0.5196035151559357,0.498902688417445,0.47433947326341297,0.4478450639016245
0.2720988909140942,0.321779214325133,0.3688298963846819,0.41062129574126516,0.44715341239506756,0.47925218135544867,0.5038078950781539,0.5219317394439287,0.5382170806349365,0.5511171283035878,0.5612325539491394,0.5656682775941988,0.5631319303973186,0.5571174624005693,0.5482549740947036,0.5358417977872847,0.5191580202551904,0.49861925714742483,0.47422550846417266,0.4479042669931488
0.27395914453586556,0.3233469667922435,0.3701262397119933,0.41168841395847267,0.4480334895318947,0.4799751282658349,0.5045154418326945,0.5227147930890936,0.5388506367252006,0.5513700350453945,0.5606902552749489,0.56464561214068,0.5623057896011971,0.5564724991008347,0.5477315219568339,0.5354258674540091,0.5188928808395303,0.49852208377411955,0.47431347625790465,0.4481859635162664
0.2758986499027003,0.32503593198552494,0.3715858208436771,0.41296092325249845,0.44916123921214535,0.48097111255900415,0.5055687207666892,0.5239508254560263,0.5399619177274531,0.5520611970150497,0.5604841158145462,0.5638847407101792,0.561738705291063,0.556070454489813,0.5474138145933694,0.5351823242838805,0.5187894505331911,0.4985838861690155,0.47456563119148143,0.4486410309072397
0.2778970758599968,0.3268240782626606,0.37318489658534304,0.4144133467480202,0.4505094287508058,0.48221278319883254,0.5069356736578641,0.5255979602580254,0.5415087899323652,0.5531583160452413,0.5606039735430954,0.5633890235447438,0.5614286933764987,0.555904719764527,0.5472930285622795,0.5350993300819198,0.5188290829605364,0.49877738220379797,0.47494422781188916,0.4492203466024023
0.27993384506451946,0.32868920660496315,0.37489962734306914,0.4160201664765708,0.4520508240056387,0.4836728142088873,0.5085842610423867,0.5276143221285707,0.5434491196306084,0.5546290939686997,0.5610396664358603,0.5631618208864779,0.5613737697669876,0.5559686861220143,0.5473603404217044,0.535165046653276,0.5189931317457734,0.4990752897499249,0.47541152066590087,0.4498747880377749
0.2819883801732317,0.33060911799357484,0.376706173522777,0.41775586446966884,0.4537581908344066,0.48532387961276413,0.510482443456425,0.529958035701199,0.5457407731128683,0.5564412326180985,0.5617810324680335,0.563206492977443,0.5615719503721124,0.5562557447594259,0.547606926729614,0.5353676358028991,0.51926295051328,0.49945032667913836,0.47592976430065903,0.45055523264998953
0.2840401038427274,0.3325616134096947,0.37858069553045937,0.4195949227588329,0.45560429509491485,0.48713865343398766,0.5125981814361182,0.5325872256095039,0.5483416166698305,0.5585624338261539,0.5628179096148216,0.5635264000597147,0.5620212511013989,0.5567592868737705,0.5480239640441056,0.5356952593358812,0.5196198928872775,0.4998752108628821,0.4764612132628372,0.4512125578749533
0.28606843873004095,0.33452449383464966,0.3804993537721657,0.42151182337553905,0.45756190264494023,0.4890898096962246,0.5148994355176342,0.5354600164869652,0.5512095165921664,0.5609603994255821,0.56414013585146,0.5641249023753971,0.5627196878644014,0.5574727036620999,0.5486026289231773,0.5361360790573002,0.5200453124921012,0.5003226601727562,0.47696812209943573,0.4517976411491418
0.28805280749205053,0.3364755602496814,0.38243830865391715,0.4234810483513911,0.45960377934230223,0.4911500224230281,0.5173541662371122,0.5385345329671054,0.5543023391705333,0.5636028312490851,0.5657375491531837,0.5650053601665093,0.5636652765706458,0.5583893863215508,0.5493340979248273,0.5366782567720918,0.5205205629520293,0.5007653924804032,0.477412745357384,0.45226135990870375
0.2899726327854637,0.33839261363590367,0.3843737205816211,0.42547707971783666,0.4617026910447066,0.4932919656379795,0.5199303341307768,0.541768899683504,0.5575779506956451,0.5664574311293649,0.5675999874951714,0.5661711336751551,0.5648560331296721,0.5595027260491179,0.5502095476071389,0.5373099542854192,0.5210269978913544,0.5011761256573521,0.4777573375836113,0.45255459159002953
0.2918073372670733,0.3402534549745724,0.3862817499612703,0.4274743995063801,0.46383140361005815,0.495488313364703,0.5225958997346964,0.5451212412696691,0.5609942174581732,0.5694919008991661,0.5697172888526865,0.5676255831433679,0.5662899734510347,0.5608061140419238,0.551220154528167,0.5380193334022891,0.5215459709343122,0.501527577575132,0.47796415332493325,0.45262821362922523
0.29353634359371483,0.3420358852469292,0.3881385571989284,0.4294474897485827,0.465962682896091,0.49771173962678006,0.5253188235850672,0.5485496823591234,0.5645090057487749,0.5726739423911624,0.57207929120095,0.56937206881328,0.567965113444231,0.5622929414969633,0.552357095245938,0.5387945559277654,0.5220588357052662,0.5017924661054138,0.47799544712832187,0.45243310346262433
0.29513907442246534,0.3437177054342584,0.3899203027005882,0.4313708324759631,0.46806929476051096,0.4999349184477211,0.5280670662180711,0.5520123475854462,0.56808018185815,0.5759712574380274,0.574675832515112,0.5714139509269387,0.5698794690189004,0.5639565996114015,0.5536115463184075,0.5396237836668405,0.5225469458285232,0.5019435091197408,0.47781347354067805,0.45192013852646085
0.29659495240996137,0.34527671651776615,0.3916031468722281,0.4332189097199972,0.47012400506123697,0.5021305238512497,0.5308085881698474,0.5554673615821031,0.5716656120769557,0.579351547872534,0.5774967507704645,0.573754589726434,0.5720310560844837,0.5657904795822191,0.5549746843037866,0.5404951784246634,0.5229916549282763,0.5019534244896562,0.4773804871089027,0.45104019625706826
0.29788340021288207,0.346690719478552,0.39316325011979103,0.43496620351221793,0.4720995796559819,0.5042712298608478,0.5335113499765356,0.558872848982702,0.5752231626958917,0.5827825155273132,0.5805318839422,0.576397345453799,0.5744178905505635,0.5677879726065527,0.5564376857599314,0.5413969020061558,0.5233743166289031,0.5017949300867599,0.47665874237985406,0.4497441540905953
0.2989838404883969,0.34793751529800687,0.3945767728493408,0.43658719588415096,0.4739687844025724,0.5063297105002107,0.5361433121743318,0.56218693442068,0.5787107000056153,0.5862318622351665,0.5837710700055396,0.5793455783511376,0.5770379883266799,0.5699424698814255,0.5579917272449961,0.5423171162164948,0.5236762845546821,0.5014407437826662,0.4756104939005894,0.447982889463475
0.2998756958930926,0.3489949049572445,0.3958198754668416,0.4380563688673149,0.47570438515881364,0.50827863979287,0.5386724352993468,0.5653681252588001,0.5820866897125541,0.5896674539856548,0.5872016672813487,0.58259842392998,0.579886399629558,0.572245655948791,0.5596272137358511,0.5432442593760527,0.5238808305941376,0.5008674567942677,0.4742041379765567,0.4457158466499038
0.3005383890839326,0.3498406894375634,0.3968687183783004,0.4393482044932,0.47727914778245406,0.5100906917624499,0.5410666798877912,0.5683796530808252,0.5853156792644683,0.5930547839867728,0.5907845355439179,0.586115572380379,0.5829309116900987,0.5746741347005013,0.5613294918469336,0.5441723407680001,0.5239912084193179,0.5000880817626836,0.4724629607982678,0.44297684267993986
0.30095134271766,0.35045266972017686,0.39769946198973116,0.44043718479336746,0.4786658381312705,0.5117385404324608,0.5432940064757901,0.5711879332279679,0.5883657446894262,0.5963561421535957,0.5944643800480662,0.5898349625101957,0.5861244832074419,0.5771966043470229,0.5630821489420583,0.5450998748293898,0.5240226796452276,0.4991358300429596,0.4704393260227562,0.4398379947936064
0.3010939794510179,0.3508086467861915,0.3982882667070484,0.4412977917992933,0.47983722206308954,0.5131948598265694,0.5453223755995182,0.5737594405566284,0.5912050045949329,0.5995337080153718,0.5981856701131676,0.5936942907142964,0.5894199155832638,0.5797816909169171,0.5648687927189968,0.5460254816607772,0.5239906777661361,0.49804414203164526,0.46818587445743276,0.4363717409633665
0.30094572194119706,0.3508864216170693,0.39861129293637276,0.4419045075425103,0.4807660654356525,0.5144323239683359,0.5471197477951293,0.5760606499230647,0.5938015775885788,0.6025496611015058,0.6018928750584962,0.5976312533875472,0.5927700102191977,0.5823980204386174,0.5666730308752648,0.5469477813624337,0.5239106362763692,0.4968464581254324,0.46575524690980785,0.4326505191618537
0.3004859928445782,0.3506637951937819,0.3986447010835761,0.44223181405452294,0.4814251341067788,0.5154236068813489,0.5486540835987839,0.5780580361836627,0.5961235822778832,0.6053661809412176,0.6055304642033974,0.6015835469248572,0.5961275685169767,0.5850142189407137,0.5684784711087332,0.5478653940349574,0.5237979886700828,0.49557621872074265,0.46320008418710756,0.4287467673613321
0.2996942148182882,0.3501185684977415,0.39836465155474343,0.442254193366864,0.4817871939342595,0.5161413825892112,0.5498933435466213,0.5797180741947656,0.5981391372703939,0.6079454470637771,0.6090429068671881,0.605488867721121,0.5994453918782341,0.5875989124516963,0.5702687211171877,0.5487769397788895,0.5236681684416453,0.49426686421418253,0.46057302709658643,0.42473292353389525
0.29854981051907004,0.3492285425100903,0.3977473047558391,0.4419461275110663,0.4818250107759354,0.5165583251155681,0.5508054881748237,0.5810072388126812,0.5998163611736587,0.6102496389985461,0.6123746723691852,0.6092849121711623,0.6026762817046176,0.5901207270000981,0.5720273885981868,0.5496810386944873,0.5235366090852409,0.49295183500228745,0.4579267164457974,0.4206814256525604
0.2970322026037948,0.34797151821206285,0.3967688210928344,0.4412820985185917,0.4815113504894839,0.5166471084839088,0.5513584780195444,0.5818920048937599,0.6011233725951968,0.6122409362747945,0.6154702300287198,0.612909376669883,0.6057730393978602,0.5925482886144522,0.5737380812495303,0.5505763108823913,0.5234187440952098,0.4916645714816781,0.4553137930419666,0.4166647116891795
0.29512081372921983,0.34632529658490085,0.3954053609717789,0.44023658842102265,0.48081897893275993,0.5163804067178717,0.55152027361693,0.582338847294352,0.6020282901425986,0.6138815184218203,0.6182740491650804,0.6162999576121706,0.6086884663595811,0.5948502233232347,0.5753844067689613,0.551461376443001,0.5233300069657076,0.49043851404880456,0.4527868976924623,0.41275521961638617
0.2927950665522516,0.34426767860982466,0.3936330847986085,0.43878407924979257,0.47972066196354035,0.5157308938410807,0.5512588355031482,0.5823142408707724,0.6024992324233693,0.6151335649689145,0.6207305990976124,0.6193943513929128,0.6113753639914847,0.5969951571550212,0.5769499728542229,0.5523348554768006,0.5232858311910746,0.489307103100316,0.45039867120469523,0.4090253874066576
0.2900343837296404,0.3417764652680191,0.3914281529793371,0.4368990530364911,0.4781891654396233,0.5146712438770749,0.5505421242143598,0.5817846604793857,0.602504318045078,0.6159592554453752,0.6227843491456468,0.6221302544069687,0.6137865336951762,0.598951716138302,0.5784183872030155,0.5531953680842605,0.5233016502655374,0.4883037790327336,0.4482017543859911,0.40554765303228635
0.28681818791831404,0.33882945754081106,0.38876672592000716,0.4345559918126227,0.47619725521879985,0.5131741308494853,0.5493381002867395,0.5807165809764996,0.6020116656152226,0.6163207693804935,0.6243797686284722,0.6244453630492472,0.6158747768724311,0.6006885263015818,0.579773257512997,0.5540415343658225,0.5233928976833795,0.48746198224257853,0.44624878804359014,0.40239445446555067
0.283125901774973,0.33540445640927885,0.38562496402652613,0.43172937760966335,0.4737176971588539,0.5112122287818863,0.5476147242563982,0.5790764772184858,0.6009893937414077,0.6161802863035675,0.6254613268654197,0.6262773737145864,0.6175928949248544,0.6021742136734218,0.5809981914819531,0.5548719744219568,0.5235750069388416,0.4868151531264999,0.44459241298504537,0.39963822967899887
0.2789370143553498,0.33147937896101354,0.38197918143168863,0.4283938596323935,0.4707234135632987,0.5087583159770759,0.5453399833385291,0.5768307745130556,0.5994055099102766,0.6154998501566951,0.6259733691904756,0.627563894114914,0.6188936418250748,0.6033773892689567,0.5820767998472789,0.5556853186780444,0.5238634217071052,0.48639673457513766,0.44328525728229806,0.39735138490904376
0.2742515206378897,0.32705327542234386,0.37782708260055387,0.4245449945662685,0.4672070113196227,0.5058008116786041,0.5424971194477166,0.5739602644091377,0.5972363573244053,0.6142458487338374,0.6258633298483005,0.6282434352036361,0.6197259798843433,0.6042592685661958,0.5829824020060599,0.5564681553963737,0.524261303976445,0.4862287910596308,0.44237061664605903,0.39559961148405876
0.2691253224507477,0.3221751034484015,0.3732108499102793,0.4202185273006336,0.46319813561962775,0.5023578997876115,0.5391071129717844,0.5704915734961418,0.5944972045090324,0.612422695706158,0.6251261680664015,0.6283019995477162,0.6200673952801736,0.6047904174155292,0.5836791582245766,0.5571819676383285,0.524733454751221,0.48628336037252495,0.4418316845023753,0.3943792178864811
0.2636240054826544,0.31690132701625373,0.3681783184640395,0.4154546497402407,0.45873032084499954,0.498450765264856,0.5351964518901084,0.5664596700622937,0.591212019657334,0.6100456344199046,0.6237735405730405,0.6277453385000413,0.6199116786271404,0.6049532309122938,0.5841379905846082,0.5577893575404715,0.5252391501856621,0.4865194007603719,0.44163010926470747,0.39365604673388077
0.2578131554223191,0.3112884101029465,0.36277732336496626,0.41029355378979915,0.45383710137759437,0.49410059307131604,0.5307916241820578,0.5618995223941425,0.5874047705879235,0.6071299063486322,0.6218171026901302,0.6265792052392385,0.6192526274012238,0.6047301179765014,0.5843298399611854,0.5582529464005432,0.525737681885829,0.48689587893028374,0.4417275375340637,0.3933959269174778
0.2517583579583871,0.3053928166854831,0.3570556997161489,0.40477543135398264,0.4485520115991122,0.48932856816781367,0.5259191178269376,0.5568460987781947,0.5830994251194284,0.6036907529659459,0.6192685097396691,0.6248093529438847,0.6180840390783402,0.6041034875281923,0.5842256472295304,0.5585353555163977,0.5261883414577042,0.487371761589273,0.44208561591124607,0.3935646873284284
0.245525198779589,0.2992710107409451,0.35106128262074776,0.39894047433750046,0.4429085858913808,0.4841558755152633,0.520605420804138,0.551334367500985,0.5783199510704193,0.5997434157454862,0.6161394170435699,0.6224415347926069,0.6163997111345054,0.6030557484873924,0.583796353264745,0.5585992061858249,0.5265504205073341,0.48790601544443035,0.4426659909972557,0.39412815685791713
0.23917926357449204,0.29297945624627886,0.34484190718188046,0.39282887464512584,0.4369403586361358,0.47860370007451536,0.514877021093028,0.5453992968490127,0.5730903162595453,0.595303136160851,0.6124414799237385,0.6194815039639749,0.61419344104565,0.6015693097741206,0.5830128989419379,0.5584071197065796,0.5267832106407155,0.48845760720278975,0.44343030939291594,0.3950521643970575
0.23278613803191917,0.28657461717862986,0.3384454085026931,0.3864808241814899,0.4306808642151765,0.4726932268064772,0.5087604066729483,0.539075855108841,0.5674344885053699,0.5903851556856097,0.6081863537021661,0.615935013636637,0.6114590262877471,0.59962658030841,0.581846225136232,0.5579217173764945,0.5268460034639233,0.4889855035714348,0.4443402176991924,0.39630253883706956
0.22641140784038072,0.28011295751488774,0.33191962168625366,0.3799365148513303,0.42416363701028104,0.46644564067203476,0.5022820655232465,0.5323990105669623,0.5613764356265563,0.58500471579341,0.6033856937007585,0.6118078169891348,0.6081902643367343,0.5972099690102652,0.5802672727227431,0.5571056204933598,0.5266980905829755,0.4894486712574704,0.44535736251700087,0.39784510906903137
0.2201206586885931,0.2736509412321624,0.32531238183574374,0.37323613855937765,0.41742221140322755,0.45988212663205275,0.4954684856232916,0.5254037315099183,0.5549401254416964,0.5791770579578426,0.5980511552414427,0.6071056672000807,0.6043809526685919,0.5943018847997479,0.5782469825766086,0.5559214503549441,0.526298763603883,0.48980607696795175,0.44644339044729975,0.3996457039843051
0.21397947626531533,0.2672450323074784,0.3186715240542597,0.3664198872103057,0.4104901217757657,0.45302386964740293,0.48834615495242417,0.5181249862242154,0.5481495257693823,0.5729174236525267,0.5921943936462171,0.6018343174481018,0.6000248887592576,0.5908847365968555,0.5757562955729938,0.5543318282591159,0.5256073141326638,0.49001668740989857,0.4475599480909338,0.4016701524738764
0.20805344625909328,0.260951694717825,0.31204488344494763,0.3595279527088522,0.4034009025097163,0.4458920546789926,0.4809415614900061,0.5105977429963957,0.5410286044282415,0.5662410543510674,0.5858270642369376,0.5959995209117608,0.5951158700847401,0.5869409333216282,0.572766152586901,0.5522993755035515,0.5245830337754,0.4900394692904726,0.4486686820489183,0.4038842834290435
0.20240815435878545,0.25482739244033326,0.30548029511094654,0.3526005269597192,0.3961880879868147,0.4385078666876936,0.4732811932154064,0.5028569701129442,0.5336013292368733,0.5591631915270625,0.5789608223356169,0.5896070307696917,0.5896476941209414,0.5824528838941134,0.5692474944935668,0.5497867133861192,0.5231852141380458,0.48983338931662956,0.44973123892203404,0.40625392574084884
0.19710918625293772,0.24892858945194263,0.2990255941553599,0.3456778018676019,0.3888852125888249,0.4308924906343705,0.46539153810797984,0.49493763586042405,0.5258916680138839,0.551699076654117,0.5716073232641605,0.5826626002004858,0.583614158343849,0.5774029972342944,0.5651712621680787,0.5467564632046233,0.52137314682669,0.48935741419555256,0.45070926531135314,0.40874490830061916
0.1922221276302949,0.2433117497297559,0.2927286156813551,0.3387999693372521,0.38152581069756053,0.42306714376981347,0.45729907607457676,0.48687463676996856,0.5179235347613727,0.5438639153281599,0.5637782044056436,0.5751719823827202,0.5770090781682882,0.5717737181399158,0.5605084574776669,0.543171314424491,0.5191061638097239,0.4885705034586678,0.4515643333714152,0.4113229084160821
0.18781256417936731,0.23803333725066267,0.2866371947919646,0.33200722127330096,0.3741434166948281,0.4150580439158915,0.44902903687933815,0.47869175699276667,0.5097125091964472,0.5356673569551305,0.555482325048203,0.5671409304950075,0.569829047103994,0.5655530475986481,0.5552395278123754,0.5390045132719763,0.5163498477693196,0.4874305053995869,0.4522464861629061,0.413930128492737
0.1839460815890348,0.23314981599183682,0.2807991665904126,0.3253397495805217,0.36677156496232044,0.4069017727548143,0.4406040593212879,0.4703897498788763,0.5012568979353489,0.5271075355403809,0.5467227867796396,0.5585751977159532,0.5620764163610943,0.5587405019987841,0.5493644967434221,0.5342511852345808,0.5130827362132493,0.4858929652316917,0.45268187229003587,0.4164601183683203
0.1806882655477935,0.2287176499302035,0.27526236617975286,0.31883774616359517,0.35944378988188674,0.3986361990540601,0.43204646042811135,0.46196650858910004,0.49255286245239915,0.5181811549947,0.5375019761405042,0.5494805372241487,0.5537542521969598,0.5513370278231804,0.5428858190027199,0.5289091729795103,0.5092849755057713,0.4839131421494969,0.4527936729108504,0.41880038573098943
0.1781047017445374,0.22479330304290812,0.2700746286631883,0.31254140292725197,0.35219362583524116,0.3902991915810574,0.4233785572275508,0.453419926284262,0.48359656422194064,0.5088849192288123,0.5278222796712484,0.5398627021982065,0.5448656208689897,0.5433435715547148,0.5358059493223735,0.5229763191740773,0.5049367120111228,0.48144629534748873,0.452505069183303,0.42083843826883793
0.17626097586772005,0.22143323930687586,0.2652837891437869,0.30649091177618004,0.34505460720419734,0.38192861910328446,0.41462266674729875,0.44474789612516474,0.4743841647182947,0.49921553215347814,0.517686083912416,0.5297274458167038,0.5354135886345546,0.5347610796763007,0.5281273424342459,0.516450466485388,0.5000180920935193,0.47844768402013926,0.45173924226539697,0.42246178366996645
0.1752226736061857,0.21869392269923793,0.2609376827247303,0.30072646461511,0.33806026837050496,0.37356235038816976,0.4058011060150619,0.4359483112726039,0.4649118254157898,0.4891696976794364,0.5070957754045153,0.5190805212582461,0.5254012217510535,0.525590498670816,0.5198524530703423,0.5093294575807192,0.4945092621172691,0.4748725673620484,0.4504193733151922,0.42355792962249694
0.17505538064845183,0.21663181719690527,0.25708414450908634,0.29528825334872977,0.33124414371597766,0.3652382542032129,0.39693619205857544,0.4270190648874035,0.45517570778873306,0.47874411971743314,0.49605374068804764,0.5079276817014602,0.5148315864758786,0.5158327750211242,0.5109837359626752,0.5016111351272983,0.48839036844655226,0.47067620456759585,0.4484686434905498,0.4240143838144661
0.17582468268325613,0.21530338677695227,0.2537710096000012,0.29021646988176997,0.32463976762240065,0.3569941993158565,0.38805024190552473,0.417958050130359,0.4451719733114601,0.46793550217822144,0.48456236630352123,0.49627468032490185,0.5037077490663933,0.5054888552101318,0.5015236458431858,0.49329334179230244,0.4816415574456272,0.46581385483131754,0.4458102339495298,0.4237186539340243
0.17759616539935763,0.21476509541643196,0.25104611310059255,0.28555130611890434,0.318280674471481,0.348868054493515,0.3791655725836449,0.4087631601622732,0.4348967834583064,0.45674054897256156,0.47262403879145154,0.48412727030720504,0.49203277578001803,0.4945596857207093,0.491474637443865,0.48437392024301573,0.4742429754787665,0.4602407773477566,0.4423673258501424,0.42255824766924377
0.18043541448537326,0.21507340709239742,0.2489572901140349,0.2813329539648848,0.312200398645075,0.34089768850368074,0.3703045011206356,0.39943228814398424,0.42434629970355786,0.4451559640112208,0.4602411446923682,0.47149120482693263,0.47980973287413775,0.4830462130357418,0.48083916549675365,0.4748507131466866,0.4661747689101574,0.45391223131129976,0.43806310035024865,0.4204206727080759
0.1844080156298773,0.216284785781788,0.24755237574338906,0.27760160532437794,0.30643247452488254,0.33312097011377517,0.3614893445442249,0.3899633272362806,0.41351668352157844,0.4331784512049026,0.44741607054675114,0.45837223706271857,0.4670416866061018,0.4709493836381142,0.46961968473372906,0.46472156317041424,0.45741708410407966,0.446783475916547,0.43282073860798675,0.41719343673890563
0.18957955452176378,0.21845569546174204,0.2468792050918367,0.2743974521021286,0.30101043649276704,0.32557576809130495,0.3527424198821194,0.3803541705999791,0.4024040963866753,0.4208047144643814,0.43415120289510867,0.44477612019315416,0.4537317032333661,0.45827014401071864,0.4578186498868675,0.45398431298156794,0.4479500674247845,0.4388097703579632,0.4265634217812533,0.41276404744961326
0.1960156168494649,0.221642600109206,0.24698561326248125,0.2717606862028319,0.2959678189303929,0.3182999512036204,0.3440860441620117,0.3706027113958541,0.39100469977315555,0.40803145770041027,0.4204489282779633,0.4307086073968236,0.43988284901328,0.44500944063644,0.4454385156880889,0.44263680524727533,0.43775386523650184,0.42994637383007017,0.41921433102812955,0.40702001252842734
0.2037480018230582,0.22587104204968966,0.2478920110707108,0.26970883768053255,0.29132152187928284,0.3113227046721718,0.33554462796226403,0.36071986179128146,0.3793351639055089,0.394879132724995,0.406334564474335,0.41619453986820076,0.42551188747910373,0.4311764199270698,0.43248500591774786,0.4306769812704374,0.42680771073700186,0.4201480136006879,0.4106978898616376,0.39985255282121557
0.2124790991097001,0.23090098643947954,0.2494150226256977,0.2681133565248217,0.2869959881370008,0.3046230357695592,0.32714539528485886,0.3507803335581414,0.3675209724536401,0.38151043887410196,0.3919929990432891,0.4014227950326017,0.41079266350386234,0.41691743055837094,0.4190692924521997,0.4181807706574503,0.4151534965598458,0.40942041668356666,0.4009815310287763,0.3911897424847339
0.2217758873370954,0.2364016411953216,0.25132002568204115,0.2668236714257617,0.2829125784266395,0.2981751676721416,0.31890803302650284,0.3408541750935541,0.35568274399992106,0.3680886307077671,0.37761094559930086,0.3865919278581771,0.3959282465024643,0.4024285158507084,0.40536515248111726,0.4053013152100391,0.4029366622715216,0.3979044669972609,0.39020472938742046,0.3811712206097866
0.23121227048583393,0.24204857280335546,0.253378036796299,0.26569382414005105,0.2789959348347537,0.2919546890619671,0.31085186181442026,0.33100934115976344,0.34393693166138917,0.3547705454657972,0.36336437836966695,0.3718853758493239,0.3811040486538104,0.3878867656286502,0.391528729182653,0.39218016149578006,0.39030225477421965,0.3857560328376124,0.3785414956861146,0.36999280092715736
0.24036215253620696,0.24751734774958578,0.2553600725249652,0.26457785642435283,0.27517069944786954,0.2859371886211335,0.3029962022759065,0.32131378651901343,0.33239998855512454,0.3417130203879992,0.34942927158235193,0.3574865815296917,0.3665055044452572,0.37346928165328563,0.3777161489276537,0.37895880873158916,0.37739521615520033,0.3731308030639582,0.3661655694579977,0.3578499255946639
0.2487994374688256,0.25248353252018774,0.2570371494246757,0.26332981003540823,0.271361514352499,0.2800982550316462,0.2953603750381788,0.31183546593356937,0.32118836779822146,0.32907289271416573,0.3359815994652209,0.34357898742295845,0.3523180483642179,0.3593531656857465,0.3640835380870371,0.3657787561342971,0.3643604885016103,0.36018446653545055,0.3532506902359671,0.3449380367698325
0.2560980292641162,0.2566226936012157,0.2581802840519174,0.26180372672985186,0.2674930216351754,0.27441347697560303,0.2879637007285112,0.3026423341656752,0.3104185225077174,0.3170069996840752,0.3231973362462668,0.330346036052795,0.3387271148980062,0.3457155194871362,0.3507870230318133,0.35278150292091937,0.3513430139006104,0.3470727121112418,0.33997059755292014,0.3314525766101113
0.26183183190254056,0.25961039747870984,0.2585604929632268,0.259853648264432,0.2634898633824321,0.2688584431350094,0.2808254999741777,0.2938023459776389,0.30020690580072795,0.30567217853750606,0.3112524561533405,0.31797116994287933,0.3259181385340213,0.33273344481854394,0.33798273013276514,0.3401085483082156,0.3384877344394255,0.3339512286506263,0.3264990309419602,0.3175889872733535
0.2655747493644611,0.26112221063874586,0.2579487927151405,0.25733361639577623,0.2592766816807668,0.2634087421919631,0.2739650934023885,0.2853834561316404,0.2906699707943261,0.2952252665143078,0.30032293341443506,0.3066378316168539,0.31407655375964794,0.32058404344113,0.32582678576089563,0.32790139151316566,0.3259395922052164,0.3209757050127706,0.31300972993599174,0.303542710917057
0.2669006856306382,0.26083369956755575,0.25611619986428735,0.2540976728806328,0.25477811861671995,0.25803996282848374,0.267401801640446,0.2774536193900019,0.2819241706055493,0.28582310085423046,0.2905847422574368,0.2965294635984037,0.30338779506224256,0.30944441711594806,0.31447531628713676,0.3163015317527069,0.3138435292852009,0.30830183005691225,0.2996764340679974,0.28950918969874806
0.2653835446812991,0.25842043075108023,0.2528337309671116,0.2499998594756363,0.24991881627677515,0.2527276937266265,0.2611549453155888,0.27008079051493894,0.27408595835148475,0.27762251879705957,0.2822138569102961,0.2878295084111926,0.2940372969291687,0.29949166760416546,0.3040844480824134,0.3054504682436985,0.30234448776651135,0.296085292642168,0.2866728828708389,0.2756838657760383
0.26059723049701233,0.25355797067547314,0.2478724025802279,0.24489421793753507,0.24462341674750832,0.24744752356846078,0.2552438450550696,0.2633329242687381,0.2672717871492196,0.2707803575826091,0.2753862516009278,0.2807214085788772,0.28621049384779695,0.2909028966668856,0.2948103075176931,0.29548970020309895,0.29158740973637975,0.2844817816278322,0.27417281587759845,0.2622621813065251
0.2521156470582824,0.2459218858268386,0.24100323126015155,0.23863479002297083,0.23881656211538882,0.24217504103598486,0.249687821486134,0.2572779754136292,0.2615981101158269,0.2654534544506788,0.27027790055723244,0.2753886066251283,0.2800928203055193,0.28385520606516934,0.2868090209637728,0.28656072684773193,0.28171723728195275,0.27364698587307146,0.26234997262119464,0.24943957844781295
0.23951269834547162,0.23518774269120257,0.23199723356343327,0.23107561748866345,0.23242289446702102,0.2368858348113747,0.24450619523607742,0.2519838987118561,0.25718138036835114,0.26179864664105423,0.26706477800719597,0.2720145450736453,0.2758697107896779,0.27852569756018397,0.28023671479160583,0.27880504739446366,0.27287891249045515,0.26373659423713036,0.2513780926346456,0.23741149935757022
0.22236228833918403,0.2210311077547189,0.22062542604663093,0.22207074209129019,0.22536705588881745,0.23155549357653626,0.23971828693210284,0.24751864892574815,0.25413805102391507,0.2599727713934925,0.26592285817869055,0.27078266644804927,0.2737265997876719,0.2750914729130116,0.27524951537220943,0.2723641610603522,0.2652173774490336,0.2549062955791612,0.24143091545086293,0.22637338619334457
0.2003388919517235,0.20321137620344842,0.2067261209992921,0.21152538688332356,0.21760917385564227,0.2261815174767534,0.2353494172117223,0.24393616887996927,0.25254776754700003,0.2600759509136594,0.26696267733341017,0.27181218111202554,0.2737939266822593,0.27368958107837216,0.2719835326858444,0.2673750773824324,0.25887911515643935,0.2473150854001389,0.23268298811368027,0.21651685706214607
0.17389948587688764,0.18206652266594148,0.19052670438392028,0.1995731759597419,0.20920593739355553,0.22075907882123147,0.23137386695807294,0.24118204023142198,0.25227171433800066,0.26189603719573284,0.2699433856262914,0.274879660372477,0.27590728258516606,0.27423888161821,0.2704608598041247,0.2639434649260082,0.2540142143099189,0.2411394536383895,0.22531918291154795,0.2080261571570432
0.14385589286302292,0.15817510959275438,0.17239122746455138,0.18640114762048654,0.20020487006067356,0.21523045908495675,0.2277150026087753,0.23915525060918696,0.2530915340213369,0.26511450500939304,0.2745070709910564,0.27964807666861446,0.2798039031813815,0.2765842659881699,0.2706632604414594,0.26216203276462835,0.2507723566042728,0.23656163554173304,0.21952986957711573,0.20108758116146674
0.11102135695050208,0.13211636345815947,0.15268374238608118,0.17219586615453153,0.1906527347636242,0.2095369783232357,0.2242956494862085,0.2377547325488507,0.25478878657636983,0.26941276001224423,0.280295753967863,0.28578033414461856,0.2852209571298516,0.2805705650408328,0.2725724511382168,0.26212345922152025,0.2493032091992191,0.2337638691896018,0.21550543919275356,0.19588746420229342
0.07620912217961262,0.10446951073638644,0.13176830129338413,0.15714389585083666,0.18059629440887903,0.20361995659120424,0.2210386329127232,0.2368794185859997,0.2571450319824322,0.27447220786188353,0.28695145509703934,0.29293933694473395,0.2918956130895225,0.28604260962885775,0.276170148434737,0.263920422619897,0.24975643925451863,0.23292839266144938,0.21343628284083138,0.19261214140644256
0.040232432590869394,0.07581377790174315,0.11000895633134178,0.14143180099836172,0.17008231190290957,0.19742071394405514,0.21786677821071976,0.2364282412562062,0.25994183021886386,0.27997425421588673,0.2941161949187503,0.30078798921319105,0.29956503971940407,0.2928452306048399,0.28143806887157297,0.26764560128319914,0.2522817139298539,0.23423744403660152,0.21351279160353442,0.1914479479005422
0.0039045322245030434,0.046728391428459304,0.08776975964484279,0.12524614588606653,0.15915755015229394,0.190880570437038,0.21470291070253467,0.2363001330950425,0.26296074126499036,0.28560030473183673,0.3014319939732957,0.30898919509419187,0.30796640567843525,0.30082325882143834,0.28835792898893686,0.27339167353448346,0.25702870038495007,0.2378732613945047,0.21592535656326106,0.19258121881159695
-0.031961334878978676,0.01779257779084986,0.06541476337879004,0.1087734948029464,0.14786877206346105,0.1839408461252603,0.21146985571057542,0.23639402663809506,0.26598332510015865,0.29103176506735196,0.30854087280090425,0.3172058587319455,0.31683687962556206,0.3098215251312695,0.2969114453272752,0.2812513176970839,0.2641470657795679,0.24401808281461967,0.22086436880238836,0.19619828926654037
-0.06655192467923854,-0.010414436536819949,0.043308019678072185,0.09220041203793983,0.13626274054291088,0.17654286106395034,0.20809043855719978,0.23660885442090063,0.26879114170372276,0.2959500408800153,0.3150848519417906,0.3251008842706824,0.32591363021975894,0.31968486038695687,0.3070803344270132,0.29131721209429173,0.27378647727339,0.25285414637628634,0.22852021940312994,0.20248549439196495
-0.09905399313598906,-0.03731342508036306,0.021813580687542355,0.07571346188003503,0.12438621849724285,0.16862793530835063,0.20448748456478683,0.23684354897909543,0.2711657510550225,0.3000365378274168,0.32070595193619056,0.33233717585461164,0.33493382612002165,0.33025809544110984,0.31884631282848375,0.30368203504934854,0.28609660202616993,0.2645636901589654,0.23908329944787,0.21162916931482556
-0.12865429620877933,-0.062325161365485826,0.0012954985520750029,0.059499208618170485,0.1122859688329072,0.16013738891366103,0.20058381905573697,0.2369970428482162,0.2728887131333835,0.30297266156716063,0.32504619332438267,0.33857763762796367,0.3436346359852678,0.34138606114635905,0.3321910970720694,0.31843846488546035,0.3012271071976045,0.2793289522420537,0.2527440000189429,0.22381564916204866
-0.15453958985732186,-0.08487041891792302,-0.017882174583405686,0.043744216541334424,0.10000875445642521,0.15101254193503877,0.19630226735239376,0.23696826856384234,0.2737415879181384,0.3044398177568297,0.3277475966465957,0.3434851737349618,0.3517532284744931,0.35291358835534936,0.3470964036982025,0.3356791799259611,0.31932765994742596,0.29733217070491946,0.2696927121985908,0.23923126906035463
-0.17589663004114442,-0.10436997126334546,-0.03535538657399684,0.02863504993850796,0.08760133827429684,0.1411947144276553,0.19156565477711496,0.23665615866157452,0.27350593538866974,0.30411941205402826,0.3284521824430513,0.3467226883197938,0.3590267722466436,0.364685507920683,0.3635439492472159,0.35549685849404966,0.34054792743535245,0.3187555836270164,0.2901198270691765,0.2580623641365918
-0.19191217271995242,-0.12024459192761583,-0.050760085274887956,0.014358273098622476,0.07511048319304336,0.13062522644678154,0.1862968066523223,0.2359596456769708,0.27196331552427466,0.3016928501163392,0.3268019712540138,0.347953085526683,0.36519243596069373,0.376546650695019,0.3815154502595419,0.3779841789130458,0.36503757682111626,0.34378142908774123,0.3142157357130273,0.2804952695176368
-0.20177297385325943,-0.1319150544363339,-0.06373221854111932,0.0011004503106732955,0.06258295211912923,0.11924539804756051,0.1804185483003664,0.23477766214558926,0.2688952883043072,0.29684153760135246,0.3224389836197048,0.3468392694998812,0.36998738827560373,0.38834184753094547,0.40099262327554186,0.40323381950616266,0.3929462752644497,0.37259194516649785,0.3421708292124208,0.3067163203302883
